,index,entities,labels,size
0,1201,China,GPE,262
1,1846,McKinsey Global Institute,ORG,166
2,467,2017,DATE,140
3,727,5,CARDINAL,83
4,2269,US,GPE,78
5,401,2,CARDINAL,65
6,138,1,CARDINAL,60
7,176,10,CARDINAL,60
8,466,2016,DATE,55
9,2770,the United States,GPE,54
10,581,3,CARDINAL,51
11,1760,MGI,ORG,49
12,1476,Germany,GPE,49
13,1950,OECD,ORG,46
14,475,2018,DATE,46
15,782,6,CARDINAL,42
16,1557,India,GPE,41
17,923,9,CARDINAL,39
18,659,4,CARDINAL,39
19,393,1995,DATE,35
20,449,2007,DATE,34
21,306,15,CARDINAL,34
22,1208,Chinese,NORP,32
23,484,2030,DATE,32
24,878,8,CARDINAL,31
25,2305,WIOD,ORG,31
26,1825,McKinsey,ORG,30
27,2309,WTO,ORG,30
28,440,2000,DATE,30
29,232,12,CARDINAL,29
30,1057,Asia,LOC,29
31,508,23,CARDINAL,29
32,2619,one,CARDINAL,29
33,256,13,CARDINAL,28
34,610,30,CARDINAL,27
35,1615,Japan,GPE,27
36,483,2030,CARDINAL,26
37,2817,today,DATE,26
38,1300,Digital,ORG,26
39,1550,IMF,ORG,26
40,826,7,CARDINAL,24
41,2827,two,CARDINAL,24
42,1371,Europe,LOC,23
43,362,18,CARDINAL,23
44,1437,France,GPE,23
45,2510,first,ORDINAL,22
46,1847,McKinsey Global Institute   ,ORG,22
47,461,2014,DATE,21
48,197,100%,PERCENT,21
49,2426,annual,DATE,21
50,692,43,CARDINAL,21
51,331,16,CARDINAL,20
52,623,33,CARDINAL,20
53,570,29,CARDINAL,19
54,212,11,CARDINAL,19
55,1552,IP,ORG,19
56,628,34,CARDINAL,19
57,2341,World Bank,ORG,18
58,422,20,CARDINAL,18
59,535,25,CARDINAL,18
60,2814,three,CARDINAL,18
61,519,24,CARDINAL,17
62,561,28,CARDINAL,17
63,2427,annually,DATE,17
64,349,17,CARDINAL,17
65,2259,UK,GPE,16
66,650,38,CARDINAL,16
67,2238,Today,DATE,16
68,2266,UNCTAD,ORG,16
69,1897,NBER,ORG,16
70,802,61,CARDINAL,16
71,2349,World Input-Output Database,ORG,16
72,502,22,CARDINAL,15
73,493,21,CARDINAL,15
74,678,40,CARDINAL,14
75,979,Africa,LOC,14
76,376,19,CARDINAL,14
77,620,32,CARDINAL,14
78,542,26,CARDINAL,14
79,2099,September 2018,DATE,14
80,2512,five,CARDINAL,14
81,778,59,CARDINAL,14
82,460,2013,DATE,13
83,758,52,CARDINAL,13
84,2296,Vietnam,GPE,13
85,2693,six,CARDINAL,12
86,1912,Netherlands,GPE,12
87,616,31,DATE,12
88,748,50,CARDINAL,12
89,688,42,CARDINAL,12
90,455,2010,DATE,12
91,548,27,CARDINAL,12
92,1965,One,CARDINAL,12
93,686,41,CARDINAL,12
94,2137,South Korea,GPE,11
95,465,2015,DATE,11
96,633,35,CARDINAL,11
97,1559,Indonesia,GPE,11
98,2595,more than half,CARDINAL,11
99,2356,World Trade Organization,ORG,11
100,1475,German,NORP,11
101,771,56,CARDINAL,11
102,639,36,CARDINAL,11
103,1771,Machinery,ORG,11
104,1777,Malaysia,GPE,11
105,2860,,PERSON,11
106,2769,the United Kingdom,GPE,11
107,280,14,CARDINAL,11
108,1423,First,ORDINAL,10
109,2198,Thailand,GPE,10
110,1006,Amazon,ORG,10
111,615,31,CARDINAL,10
112,1133,Brazil,GPE,10
113,1160,Canada,GPE,10
114,1095,Bangladesh,GPE,10
115,1069,Australia,GPE,10
116,718,48,CARDINAL,10
117,799,60,CARDINAL,10
118,1043,Apple,ORG,10
119,195,100,CARDINAL,10
120,1960,October 2018,DATE,10
121,654,39,CARDINAL,10
122,608,3.9,CARDINAL,10
123,1978,Pacific,LOC,10
124,2143,Spain,GPE,10
125,427,20 percent,PERCENT,9
126,703,45,CARDINAL,9
127,960,AI,ORG,9
128,1088,BPO,ORG,9
129,2682,second,ORDINAL,9
130,2092,Second,ORDINAL,9
131,706,45 percent,PERCENT,9
132,1549,IHS,ORG,9
133,2003,Philippines,GPE,9
134,2053,Russia,GPE,9
135,816,67,CARDINAL,9
136,2279,United States,GPE,9
137,1791,March 2017,DATE,9
138,2039,Richard Baldwin,PERSON,9
139,2528,half,CARDINAL,9
140,76,(%,PERCENT,9
141,721,49,CARDINAL,8
142,413,2.4,CARDINAL,8
143,820,68,CARDINAL,8
144,2151,Starbucks,ORG,8
145,1585,Italy,GPE,8
146,1723,Latin America,LOC,8
147,2568,millions,CARDINAL,8
148,805,62,CARDINAL,8
149,645,37,CARDINAL,8
150,2115,Singapore,GPE,8
151,936,90,CARDINAL,8
152,640,36,DATE,8
153,1829,McKinsey & Company,ORG,8
154,1421,Finland,GPE,8
155,2507,et al.,GPE,8
156,755,51,CARDINAL,8
157,823,69,CARDINAL,7
158,213,11,DATE,7
159,2147,Sree Ramaswamy,PERSON,7
160,2176,Switzerland,GPE,7
161,1067,August 2018,DATE,7
162,447,2005,DATE,7
163,1891,Morocco,GPE,7
164,1071,Austria,GPE,7
165,2803,the past decade,DATE,7
166,350,17 percent,PERCENT,7
167,840,7.6,CARDINAL,7
168,1579,Ireland,GPE,7
169,2494,dozens,CARDINAL,7
170,606,3.6,CARDINAL,7
171,1328,EU,ORG,7
172,2489,decades,DATE,7
173,1428,Food,ORG,7
174,118,0.5,CARDINAL,7
175,387,197,CARDINAL,7
176,2850,years,DATE,7
177,2393,a decade ago,DATE,7
178,1911,Netflix,ORG,7
179,1954,OECD Trade Policy Papers,ORG,7
180,1373,European,NORP,7
181,1739,London,GPE,7
182,477,2020,DATE,7
183,2006,Poland,GPE,7
184,1529,Healthcare,ORG,7
185,1863,Mexico,GPE,7
186,1540,Hong Kong,GPE,7
187,715,47,CARDINAL,6
188,1049,April 2018,DATE,6
189,635,35 percent,PERCENT,6
190,2830,two to three,CARDINAL,6
191,1721,Labor,ORG,6
192,1080,Average3,PERSON,6
193,2250,Turkey,GPE,6
194,761,53,CARDINAL,6
195,563,28 percent,PERCENT,6
196,2470,billion,MONEY,6
197,1158,Cambridge,GPE,6
198,683,40 percent,PERCENT,6
199,402,2 percent,PERCENT,6
200,776,58,CARDINAL,6
201,2809,the years ahead,DATE,6
202,166,1.5,CARDINAL,6
203,1288,December 2018,DATE,6
204,909,83,CARDINAL,6
205,2063,SG&A,PERSON,6
206,415,2.5,CARDINAL,6
207,1408,February 2016,DATE,6
208,1400,Facebook,ORG,6
209,869,78,CARDINAL,6
210,1335,Eastern Europe,LOC,6
211,1239,Costa Rica,GPE,6
212,853,73,CARDINAL,6
213,410,2.2,CARDINAL,6
214,964,Aaditya Mattoo,PERSON,6
215,1114,Blockchain,ORG,6
216,1269,David Dorn,PERSON,6
217,2531,hundreds,CARDINAL,6
218,1009,American,NORP,5
219,411,2.3,CARDINAL,5
220,742,5.5,CARDINAL,5
221,285,14 percent,PERCENT,5
222,901,80,CARDINAL,5
223,2325,Western Europe,LOC,5
224,2299,Volvo,ORG,5
225,419,2.8,CARDINAL,5
226,1046,April 2014,DATE,5
227,756,51,DATE,5
228,708,46,CARDINAL,5
229,255,129,CARDINAL,5
230,358,175,CARDINAL,5
231,1048,April 2017,DATE,5
232,409,2.1,CARDINAL,5
233,861,75%,PERCENT,5
234,938,92,CARDINAL,5
235,860,75 percent,PERCENT,5
236,1014,Americas,LOC,5
237,945,95,CARDINAL,5
238,774,57,CARDINAL,5
239,793,6.2,CARDINAL,5
240,855,74,DATE,5
241,722,49,DATE,5
242,785,6 to 10 percent,PERCENT,5
243,377,19,DATE,5
244,836,7.2,CARDINAL,5
245,808,63,CARDINAL,5
246,736,5.1,CARDINAL,5
247,1122,Boston,GPE,5
248,2174,Sweden,GPE,5
249,214,11 percent,PERCENT,5
250,667,4.1,CARDINAL,5
251,1924,Nike,ORG,5
252,734,5.0,CARDINAL,5
253,1482,Glass,PERSON,5
254,1936,Norway,GPE,5
255,458,2012,DATE,5
256,602,3.5,CARDINAL,5
257,2738,the Great Recession,EVENT,5
258,184,10 percent,PERCENT,5
259,1596,James Manyika,PERSON,5
260,1195,Charles Cadestin,PERSON,5
261,1555,IZA,ORG,5
262,1548,ICT,ORG,5
263,612,30 percent,PERCENT,5
264,2103,Shanghai,GPE,5
265,2084,Saudi Arabia,GPE,5
266,2014,Princeton University Press,ORG,5
267,473,20171,CARDINAL,5
268,144,1 percent,PERCENT,5
269,1511,HQ,ORG,5
270,110,0,CARDINAL,5
271,1900,NY,GPE,5
272,1493,Google,ORG,5
273,1183,Center for Economic Performance,ORG,5
274,1856,McKinsey.com,ORG,5
275,509,23 percent,PERCENT,5
276,2267,UNCTAD,PERSON,5
277,1790,March 2016,DATE,5
278,1888,More than half,CARDINAL,5
279,2831,two-thirds,CARDINAL,5
280,1821,May 2018,DATE,5
281,672,4.5,CARDINAL,5
282,2856,zero,CARDINAL,5
283,670,4.3,CARDINAL,5
284,1817,"May 16–17, 2018",DATE,5
285,1854,McKinsey Quarterly,ORG,5
286,1192,Chapter 4,LAW,5
287,859,75,CARDINAL,4
288,342,163,CARDINAL,4
289,1524,Harvard University Press,ORG,4
290,851,72,CARDINAL,4
291,611,30,DATE,4
292,784,6 percent,PERCENT,4
293,2632,only 23 percent,PERCENT,4
294,757,51 percent,PERCENT,4
295,336,16 to 28 percent,PERCENT,4
296,1820,May 2017,DATE,4
297,1819,May 2015,DATE,4
298,1818,May 2014,DATE,4
299,111,0.1,CARDINAL,4
300,879,8,DATE,4
301,711,46 percent,PERCENT,4
302,850,71,CARDINAL,4
303,1958,October 2016,DATE,4
304,1592,Jacques Bughin,PERSON,4
305,810,64,CARDINAL,4
306,1688,Katy George,PERSON,4
307,792,6.1,CARDINAL,4
308,1674,June 2017,DATE,4
309,2824,trillion,MONEY,4
310,595,3.1,CARDINAL,4
311,1914,New York,GPE,4
312,2464,between 2007 and 2017,DATE,4
313,1648,Jonathan Woetzel,PERSON,4
314,812,65,CARDINAL,4
315,842,7.8,CARDINAL,4
316,814,66,CARDINAL,4
317,767,55,CARDINAL,4
318,1943,November 2017,DATE,4
319,764,54,CARDINAL,4
320,1612,January 2018,DATE,4
321,1610,January 2016,DATE,4
322,1899,NJ,GPE,4
323,1959,October 2017,DATE,4
324,1646,Jonathan Haskel,PERSON,4
325,0,$ billion,MONEY,4
326,117,0.4 percent,PERCENT,4
327,268,131,CARDINAL,4
328,1256,Danish,NORP,4
329,456,2011,DATE,4
330,203,103,CARDINAL,4
331,123,0.9,CARDINAL,4
332,666,4.0,CARDINAL,4
333,281,14,DATE,4
334,2216,The United States,GPE,4
335,1051,Argentina,GPE,4
336,2318,"Washington, DC",GPE,4
337,1197,Charles R. Hulten,PERSON,4
338,270,132,CARDINAL,4
339,2236,Ting Wu,PERSON,4
340,1271,David H.,PERSON,4
341,2307,WPS8126,PRODUCT,4
342,445,2002,DATE,4
343,225,114,CARDINAL,4
344,1176,Caroline Freund,PERSON,4
345,260,13.0,CARDINAL,4
346,434,20.6,CARDINAL,4
347,1163,Capitalism Without Capital,ORG,4
348,442,2000s,DATE,4
349,438,200,MONEY,4
350,252,126,CARDINAL,4
351,251,125,CARDINAL,4
352,1262,Data,ORG,4
353,664,4%,PERCENT,4
354,950,97,CARDINAL,4
355,464,2015,CARDINAL,4
356,2517,four,CARDINAL,4
357,1363,Erik Brynjolfsson,PERSON,4
358,1002,Alibaba,ORG,4
359,310,15%,PERCENT,4
360,1332,East,LOC,4
361,947,96,CARDINAL,4
362,704,45,DATE,4
363,2139,South-South,LOC,4
364,2146,Spotify,ORG,4
365,1452,GX,ORG,4
366,2061,SG&A,GPE,4
367,2169,Susan Lund,PERSON,4
368,902,80 percent,PERCENT,4
369,2275,United,ORG,4
370,1287,December 2017,DATE,4
371,423,20,DATE,4
372,303,148,CARDINAL,4
373,677,4.9,CARDINAL,3
374,537,25 percent,PERCENT,3
375,562,28,DATE,3
376,558,275,CARDINAL,3
377,729,5 percent,PERCENT,3
378,2498,early 2000s,DATE,3
379,617,31 percent,PERCENT,3
380,679,40,DATE,3
381,619,313,CARDINAL,3
382,2504,eds.,ORG,3
383,697,44,CARDINAL,3
384,2538,iPhone,ORG,3
385,641,36 percent,PERCENT,3
386,572,29 percent,PERCENT,3
387,587,3 percent,PERCENT,3
388,2492,digital,ORG,3
389,689,42,DATE,3
390,594,3.0,CARDINAL,3
391,668,4.2,CARDINAL,3
392,652,38 percent,PERCENT,3
393,2533,hundreds of millions,MONEY,3
394,607,3.7,CARDINAL,3
395,694,43 percent,PERCENT,3
396,657,3D,PRODUCT,3
397,698,44,DATE,3
398,621,32,DATE,3
399,1087,BMW,ORG,3
400,738,5.2,CARDINAL,3
401,2007,Portugal,GPE,3
402,1512,HSBC,ORG,3
403,1510,HQ,GPE,3
404,1502,Greg Linden,PERSON,3
405,1500,Greece,GPE,3
406,1497,Gordon H. Hanson,PERSON,3
407,2038,Richard,PERSON,3
408,2047,Robots,ORG,3
409,1465,Geneva,GPE,3
410,2049,Romania,GPE,3
411,1455,Gabriel Zucman,PERSON,3
412,1451,GVC,ORG,3
413,1449,GE,ORG,3
414,1443,Furniture,ORG,3
415,2062,SG&A,ORG,3
416,1440,French,NORP,3
417,1436,Foxconn,ORG,3
418,1418,Felix Eggers,PERSON,3
419,1411,"February 28, 2013",DATE,3
420,2083,Saskia Hedrich,PERSON,3
421,1398,FIVE,CARDINAL,3
422,2090,Sebastian Findeisen,PERSON,3
423,2096,September 2015,DATE,3
424,1360,Eric Brynjolfsson,PERSON,3
425,2136,South Carolina,GPE,3
426,1330,EVs,ORG,3
427,1309,Drake,PERSON,3
428,2159,Stian Westlake,GPE,3
429,1515,Hal Varian,PERSON,3
430,1542,Hungary,GPE,3
431,746,5.8 million,CARDINAL,3
432,1987,Pascual Restrepo,PERSON,3
433,1783,Marcel P.,PERSON,3
434,1830,"McKinsey & Company
",ORG,3
435,1781,Mandel,PERSON,3
436,1834,McKinsey Corporate Performance Analytics,ORG,3
437,1764,MI,ORG,3
438,1848,McKinsey Global Institute           ,ORG,3
439,1756,MA,ORG,3
440,1755,MA,GPE,3
441,1751,Luxembourg,GPE,3
442,1742,Lou Rassey,PERSON,3
443,1866,Michael,PERSON,3
444,1868,Michael Chui,PERSON,3
445,1869,Michael J. Mandel,PERSON,3
446,1870,Michael Mandel,PERSON,3
447,1726,Laura Tyson,PERSON,3
448,1696,Kenya,GPE,3
449,1681,Kalamazoo,GPE,3
450,1670,July 2017,DATE,3
451,1664,Julieta Young,PERSON,3
452,1655,Journal of International Economics,ORG,3
453,1625,Jeongmin Seong,PERSON,3
454,1619,Jason Dedrick,PERSON,3
455,1613,January 2019,DATE,3
456,1593,Jakob Munch,PERSON,3
457,1575,International Monetary Fund,ORG,3
458,1974,Outperformers,PERSON,3
459,1558,Indian,NORP,3
460,1291,Denmark,GPE,3
461,2179,Sébastian Miroudot,PERSON,3
462,2181,Sébastien Miroudot,PERSON,3
463,1260,Daron Acemoglu et al.,PERSON,3
464,1038,Anthony J. Venables,PERSON,3
465,2344,World Bank Group,ORG,3
466,1013,American Economic Review,ORG,3
467,1008,America,GPE,3
468,994,Alexa Web Information Service,ORG,3
469,980,African,NORP,3
470,948,96 percent,PERCENT,3
471,940,93,CARDINAL,3
472,926,9 percent,PERCENT,3
473,922,8–20,CARDINAL,3
474,904,81,DATE,3
475,903,81,CARDINAL,3
476,899,8.9,CARDINAL,3
477,894,8.4,CARDINAL,3
478,890,8.2,CARDINAL,3
479,888,8.0,CARDINAL,3
480,886,8%,PERCENT,3
481,872,79,CARDINAL,3
482,845,70,DATE,3
483,844,70,CARDINAL,3
484,800,60 percent,PERCENT,3
485,796,6.5,CARDINAL,3
486,794,6.3,CARDINAL,3
487,791,6.0,CARDINAL,3
488,768,55,DATE,3
489,2471,billions,CARDINAL,3
490,752,50 percent,PERCENT,3
491,2323,Western,NORP,3
492,1053,Arithmetic,ORG,3
493,1059,Asian,NORP,3
494,2234,Timmer,PERSON,3
495,1258,Daron,PERSON,3
496,1254,Daniel Nguyen,PERSON,3
497,1246,DC,GPE,3
498,2201,The 1990s,DATE,3
499,1230,Cong S. Pham,PERSON,3
500,2207,The New Global Road Map,ORG,3
501,2210,The Quarterly Journal of Economics,ORG,3
502,1223,Colombia,GPE,3
503,2213,The Rise of the Intangible Economy,WORK_OF_ART,3
504,1218,Coca-Cola,ORG,3
505,2221,Third,ORDINAL,3
506,2229,Three,CARDINAL,3
507,1182,Cecilia Heuser,PERSON,3
508,1085,Avinash Gannamaneni,PERSON,3
509,2242,Toyota,ORG,3
510,1172,Carol A. Corrado,PERSON,3
511,1155,California,GPE,3
512,2257,UAE,GPE,3
513,1153,CHINA,GPE,3
514,1141,Brynjolfsson,PERSON,3
515,1139,Brussels,GPE,3
516,1136,British,NORP,3
517,2287,Upjohn Press,ORG,3
518,2288,Upwork,ORG,3
519,1092,Baldwin,PERSON,3
520,2303,W. W. Norton & Company,ORG,3
521,2567,million,CARDINAL,3
522,905,8166,CARDINAL,3
523,2812,thousand,MONEY,3
524,206,105,CARDINAL,3
525,2836,up to $8.3 trillion,MONEY,3
526,357,174,CARDINAL,3
527,156,1.0,CARDINAL,3
528,300,145,CARDINAL,3
529,2799,the next decade,DATE,3
530,209,108,CARDINAL,3
531,218,11.5,CARDINAL,3
532,347,169,CARDINAL,3
533,392,1991,DATE,3
534,254,128,CARDINAL,3
535,257,13,DATE,3
536,339,160,CARDINAL,3
537,258,13 percent,PERCENT,3
538,292,140,CARDINAL,3
539,2581,more than 60 percent,PERCENT,3
540,137,09,DATE,3
541,2658,recent years,DATE,3
542,276,136,CARDINAL,3
543,199,101,CARDINAL,3
544,263,13.1 percent,PERCENT,3
545,202,102,CARDINAL,3
546,54,$4.0 trillion,MONEY,3
547,2767,"the United
                            States",GPE,3
548,56,$4.3 trillion,MONEY,3
549,2720,the 2000s,DATE,3
550,2837,up to 10 percent,PERCENT,3
551,482,2025,DATE,3
552,302,147,CARDINAL,3
553,233,12,DATE,3
554,2718,the 1990s,DATE,3
555,2,$ trillion,MONEY,3
556,321,153,CARDINAL,3
557,267,130,CARDINAL,3
558,5,$1 trillion,MONEY,3
559,450,2007–17,CARDINAL,3
560,2751,the New Globalization,ORG,3
561,2633,only 3 percent,PERCENT,3
562,173,1.8,CARDINAL,3
563,216,11.0,CARDINAL,3
564,244,120,CARDINAL,3
565,11,$1.5 trillion,MONEY,3
566,504,22.5 percent,PERCENT,3
567,2794,the last decade,DATE,3
568,2626,one-third,CARDINAL,3
569,2781,the World Input-Output Database,ORG,3
570,2795,the last era,DATE,3
571,452,2008,DATE,3
572,113,0.3,CARDINAL,3
573,211,109,CARDINAL,3
574,161,1.2,CARDINAL,3
575,418,2.7,CARDINAL,3
576,2602,nearly 40 percent,PERCENT,3
577,2736,the Far East,LOC,3
578,437,200,CARDINAL,3
579,220,110,CARDINAL,2
580,1189,Chapter 1,LAW,2
581,2235,Timo Möller,PERSON,2
582,523,24 percent,PERCENT,2
583,221,111,CARDINAL,2
584,222,112,CARDINAL,2
585,1185,Central Asia,LOC,2
586,224,113,CARDINAL,2
587,2241,Total,PERSON,2
588,1179,Catherine Tucker,PERSON,2
589,226,115,CARDINAL,2
590,1173,Carol Corrado,PERSON,2
591,228,117,CARDINAL,2
592,2251,"Turkey
                                                                                                                        ",ORG,2
593,1164,Captures,PRODUCT,2
594,231,119,CARDINAL,2
595,2255,Two-thirds,CARDINAL,2
596,235,"12
                          ",MONEY,2
597,236,12 cents,MONEY,2
598,1178,Carrefour,ORG,2
599,204,104,CARDINAL,2
600,217,11.4,CARDINAL,2
601,2160,Stian Westlake,PERSON,2
602,190,10.3,CARDINAL,2
603,2180,Sébastien,PERSON,2
604,1276,David Wren,PERSON,2
605,2171,Susan N. Houseman,PERSON,2
606,1284,December 2014,DATE,2
607,1286,December 2016,DATE,2
608,1295,Development,ORG,2
609,2744,the Industrial Revolution,EVENT,2
610,1200,Chile,GPE,2
611,1302,Digitalization,ORG,2
612,2157,Stephanie Schenk,PERSON,2
613,175,1.9                       ,PRODUCT,2
614,174,1.9,CARDINAL,2
615,2746,the International Monetary Fund,ORG,2
616,2144,Spain                                                       Food,ORG,2
617,1321,E9,ORG,2
618,1266,David Autor,PERSON,2
619,191,10.5,CARDINAL,2
620,1259,Daron Acemoglu,PERSON,2
621,194,10.9,CARDINAL,2
622,1210,Chorthip Utoktham,PERSON,2
623,1216,Cisco,ORG,2
624,208,107,CARDINAL,2
625,207,106,CARDINAL,2
626,1229,Computers,PRODUCT,2
627,2204,The Great Convergence:,FAC,2
628,1241,Croatia,GPE,2
629,2196,Tesla,ORG,2
630,2195,Tencent Video,ORG,2
631,2192,Technologies,ORG,2
632,2191,Taylor,PERSON,2
633,1250,Damoun Ashournia,PERSON,2
634,1252,Dani,PERSON,2
635,1253,Dani Rodrick,PERSON,2
636,196,100 million,CARDINAL,2
637,1152,CFO,ORG,2
638,250,124,CARDINAL,2
639,1143,"Brynjolfsson, Eggers",ORG,2
640,2355,"World Trade
                          Organization",ORG,2
641,963,AWIS,ORG,2
642,965,Aaditya Mattoo et al.,PERSON,2
643,2376,YouTube,ORG,2
644,971,Achim Berg,PERSON,2
645,973,Adidas,ORG,2
646,982,Agriculture,ORG,2
647,2361,Wouter Aghina,PERSON,2
648,2689,seven,CARDINAL,2
649,997,Alexey Kravchenko,PERSON,2
650,1034,Angola,GPE,2
651,998,Algeria,GPE,2
652,1000,AliResearch,PERSON,2
653,1007,Amelia,PERSON,2
654,295,1411,CARDINAL,2
655,1012,American Economic Journal,ORG,2
656,2347,World Development Report,ORG,2
657,2339,Wolfgang Dauth,PERSON,2
658,1030,Android,ORG,2
659,2380,Yuqing Xing,PERSON,2
660,959,AI,GPE,2
661,2382,Zara,PERSON,2
662,952,99,CARDINAL,2
663,2673,roughly 300,CARDINAL,2
664,906,82,CARDINAL,2
665,907,82 percent,PERCENT,2
666,912,84,CARDINAL,2
667,914,85,CARDINAL,2
668,916,866,CARDINAL,2
669,920,88,CARDINAL,2
670,921,89,CARDINAL,2
671,931,9.1,CARDINAL,2
672,934,9.6,CARDINAL,2
673,935,9.8,CARDINAL,2
674,937,915,CARDINAL,2
675,313,15.3,CARDINAL,2
676,941,94,CARDINAL,2
677,946,95 percent,PERCENT,2
678,307,15,DATE,2
679,951,98,CARDINAL,2
680,2331,Wiktor Namysl,GPE,2
681,287,14.3,CARDINAL,2
682,2719,the 1990s and,DATE,2
683,2141,Southeast Asia,LOC,2
684,1090,Baidu,ORG,2
685,1091,Baldwin,GPE,2
686,1097,Belgium,GPE,2
687,1098,Benjamin B. M. Shao,PERSON,2
688,253,127,CARDINAL,2
689,2294,Venezuela,GPE,2
690,1105,Between 1990 and 2007,DATE,2
691,1107,Between 2007 and 2017,DATE,2
692,249,123,CARDINAL,2
693,283,"14
",DATE,2
694,248,122,CARDINAL,2
695,2277,United Kingdom,GPE,2
696,2274,Uma Subramanian,PERSON,2
697,2271,Uber,ORG,2
698,1132,Branko Milanovic,PERSON,2
699,1134,Brexit,ORG,2
700,243,12.7,CARDINAL,2
701,1138,Brookings Institution,ORG,2
702,262,13.1 80.0,MONEY,2
703,264,13.4,CARDINAL,2
704,1082,Average5 or Total,ORG,2
705,1081,Average5,ORG,2
706,1045,April 2013,DATE,2
707,282,14,ORG,2
708,1047,April 2016,DATE,2
709,1055,Arthur Wang,PERSON,2
710,1061,Asian Development Bank Institute,ORG,2
711,1062,Atlanta,GPE,2
712,2314,Washington,GPE,2
713,2313,Warren H. Hausman,PERSON,2
714,1066,August 2017,DATE,2
715,2707,ten,CARDINAL,2
716,271,132,MONEY,2
717,1070,Australian,NORP,2
718,2311,Walmart,GPE,2
719,1076,Autonomous,NORP,2
720,266,13.7,CARDINAL,2
721,1078,Autor,PERSON,2
722,2306,WITS,ORG,2
723,1322,EBOPS,ORG,2
724,2122,Slovakia,GPE,2
725,2749,the McKinsey Global Institute,ORG,2
726,61,$5.1 trillion,MONEY,2
727,1623,Jens Suedekum,PERSON,2
728,1942,November 2016,DATE,2
729,1939,"November 13, 2017",DATE,2
730,1629,Jim Tankersley,PERSON,2
731,1937,Notes,PRODUCT,2
732,1632,Joao Paulo Pessoa,PERSON,2
733,1633,Jobs,PERSON,2
734,1637,John,PERSON,2
735,1923,Nigeria,GPE,2
736,1617,Japanese,NORP,2
737,1920,Nicolai Müller,PERSON,2
738,1915,New York Times,ORG,2
739,1661,Journal of Public Economics,ORG,2
740,1662,Journal of the European Economic Association,ORG,2
741,55,$4.2 trillion,MONEY,2
742,1669,July 2016,DATE,2
743,1908,Nearshoring,PERSON,2
744,1907,Nearly half,CARDINAL,2
745,1945,"November 23, 2018",DATE,2
746,1947,"November 7, 2018",DATE,2
747,1569,Intas,ORG,2
748,1956,OPEC,ORG,2
749,1970,Organisation for Economic Co,ORG,2
750,1966,One-third,CARDINAL,2
751,1584,Italian,NORP,2
752,82,"-0.9

                    Glass",ORG,2
753,1590,JANUARY 2019,DATE,2
754,81,-0.7,PERSON,2
755,79,+351,PRODUCT,2
756,78,+165,ORG,2
757,1602,Janesville,GPE,2
758,1948,"November 8, 2018",DATE,2
759,1951,OECD ICIO,ORG,2
760,1606,January 2010,DATE,2
761,2808,the years,DATE,2
762,1608,January 2014,DATE,2
763,1949,Number S1,PRODUCT,2
764,71,$86 billion to $140 billion,MONEY,2
765,1611,January 2017,DATE,2
766,2811,third,ORDINAL,2
767,1673,June 2015,DATE,2
768,51,$39 billion to $69 billion,MONEY,2
769,1675,June 2018,DATE,2
770,15,$120 billion,MONEY,2
771,1852,McKinsey Global Institute   Globalization,ORG,2
772,27,$2.6 trillion,MONEY,2
773,24,$2.1 trillion,MONEY,2
774,21,$17.3 trillion,MONEY,2
775,1761,MGI,PERSON,2
776,1845,McKinsey Global Growth Model,ORG,2
777,1767,Mac Muir,PERSON,2
778,1831,McKinsey & Company 2017,ORG,2
779,1786,Marcel Timmer et al.,PERSON,2
780,1676,"June 28, 2018",DATE,2
781,9,$1.3 trillion,MONEY,2
782,1792,March 2018,DATE,2
783,1794,March–,DATE,2
784,1823,McDonald,ORG,2
785,1797,Marisa,PERSON,2
786,3,"$ trillion



                                                                                                                                                                                                                                                                       million",MONEY,2
787,1802,Marshall W. Van Alstyne,PERSON,2
788,1807,Matteo Mancini,PERSON,2
789,1749,Ludvig Wier,PERSON,2
790,1853,McKinsey Global Survey,ORG,2
791,1861,Mekala Krishnan,PERSON,2
792,1734,Linda Yueh,PERSON,2
793,1680,Jörg Bromberger,PERSON,2
794,1902,Nadine Riedel,PERSON,2
795,1684,Karl-Hendrik Magnus,PERSON,2
796,2832,unbundling(s,PERSON,2
797,1691,Keith Naughton,PERSON,2
798,1896,NAFTA,ORG,2
799,1693,Kenneth L. Kraemer,PERSON,2
800,1703,Kingdom,GPE,2
801,1708,Knut Alicke,PERSON,2
802,1883,Monetary Policy Institute,ORG,2
803,1711,Koen De Backer,PERSON,2
804,1881,Minneapolis,GPE,2
805,1718,Kuwait,GPE,2
806,1720,LNG,GPE,2
807,1873,Michael Spence,PERSON,2
808,2838,up to 12 percent,PERCENT,2
809,34,$240 billion,MONEY,2
810,1975,Oxford Internet Institute,ORG,2
811,1981,Pakistan,GPE,2
812,168,1.5 percent,PERCENT,2
813,1410,February 2018,DATE,2
814,2095,September 2006,DATE,2
815,2093,Senegal,GPE,2
816,152,"1,328",CARDINAL,2
817,1401,Fashion & Luxury Group,ORG,2
818,1405,February,DATE,2
819,1407,February 2012,DATE,2
820,148,"1,000",CARDINAL,2
821,1409,February 2017,DATE,2
822,2076,San Francisco,GPE,2
823,2098,September 2017,DATE,2
824,2074,Samsung,ORG,2
825,145,1 trillion renminbi,MONEY,2
826,1424,Fiverr,ORG,2
827,1429,Forbes,ORG,2
828,2065,SIX,CARDINAL,2
829,141,1,MONEY,2
830,1439,Freelancer.com,ORG,2
831,136,08,DATE,2
832,2097,September 2016,DATE,2
833,1383,Exhibit 15,LAW,2
834,1984,Pankaj Ghemawat,PERSON,2
835,1346,Egypt,GPE,2
836,1329,EV,ORG,2
837,2750,the Middle East,LOC,2
838,2134,South Africa,GPE,2
839,2753,the Northern Sea Route,LOC,2
840,1336,Eastern European,NORP,2
841,1338,Economic Council of Finland,ORG,2
842,1339,Economic Journal,ORG,2
843,1344,Ecuador,GPE,2
844,324,155,CARDINAL,2
845,1378,Everett Grant,PERSON,2
846,1355,Energy                                                ,ORG,2
847,1356,English,LANGUAGE,2
848,162,1.2,DATE,2
849,1362,Erik,PERSON,2
850,160,1.1,CARDINAL,2
851,2114,Simon & Schuster,ORG,2
852,2113,Simeon Djankov,PERSON,2
853,1375,European Central Bank,ORG,2
854,135,07         ,DATE,2
855,133,07,CARDINAL,2
856,1444,Furniture,PERSON,2
857,2002,Philippine,NORP,2
858,2785,the coming years,DATE,2
859,2011,Princeton,GPE,2
860,2008,Post and Courier,ORG,2
861,1522,Harvard Business Review,ORG,2
862,1523,Harvard Business Review Press,ORG,2
863,2787,the decade,DATE,2
864,1526,Hau L. Lee,PERSON,2
865,2789,the early 2000s,DATE,2
866,2000,Peters,PERSON,2
867,2060,SC,ORG,2
868,1998,PepsiCo,ORG,2
869,1547,IBM,ORG,2
870,96,-3.9,PERSON,2
871,95,-3.8,PERSON,2
872,93,-3.2,PERSON,2
873,2796,the mid-2000s,DATE,2
874,90,-2.8,DATE,2
875,1561,Industrial and Corporate Change,ORG,2
876,107,"-8.3

                    ",ORG,2
877,2021,"Quarterly, March 2015",DATE,2
878,2023,Rafael Pardo,PERSON,2
879,2780,"the World Input-Output
  Database",ORG,2
880,132,06,DATE,2
881,129,05,CARDINAL,2
882,1456,Gabrielle Coppola,PERSON,2
883,1457,Gannamaneni,ORG,2
884,127,02,CARDINAL,2
885,2051,Rotterdam,GPE,2
886,2773,the Universal Postal Union,ORG,2
887,1463,Gaurav Nayyar,PERSON,2
888,2048,Rodrik,PERSON,2
889,125,"0.9
",PERCENT,2
890,2777,the World Bank’s,ORG,2
891,1478,Getty,ORG,2
892,116,0.4,CARDINAL,2
893,1484,Global Economy & Development,ORG,2
894,1485,Global Energy Perspective,ORG,2
895,1489,Globalization,WORK_OF_ART,2
896,1495,"Google
                  logies
                                                            ",ORG,2
897,900,8.9          ,MONEY,2
898,229,118,CARDINAL,2
899,496,21.5,CARDINAL,2
900,798,6.9,CARDINAL,2
901,2584,more than 740 million,CARDINAL,2
902,588,3 to 6 percent,PERCENT,2
903,589,"3,275",CARDINAL,2
904,505,22.8,CARDINAL,2
905,2537,iPad,PRODUCT,2
906,807,623,CARDINAL,2
907,806,62 percent,PERCENT,2
908,503,22 percent,PERCENT,2
909,596,3.2,CARDINAL,2
910,597,3.2,PERSON,2
911,599,3.3,CARDINAL,2
912,2587,more than 80 percent,PERCENT,2
913,365,18 percent,PERCENT,2
914,498,212,CARDINAL,2
915,378,"19
",DATE,2
916,495,"21
",DATE,2
917,367,18.4,CARDINAL,2
918,494,21,DATE,2
919,370,18.9 10.3,CARDINAL,2
920,492,2030F,CARDINAL,2
921,2459,between 1990 and 2007,DATE,2
922,789,6%,PERCENT,2
923,613,300,CARDINAL,2
924,2462,between 1999 and 2011,DATE,2
925,371,180,CARDINAL,2
926,780,591,CARDINAL,2
927,779,59,DATE,2
928,375,189,CARDINAL,2
929,2453,at least a decade,DATE,2
930,2657,recent decades,DATE,2
931,586,"3
                          ",MONEY,2
932,813,"65
",DATE,2
933,2580,more than 40 percent,PERCENT,2
934,564,28.0,CARDINAL,2
935,565,28.1,CARDINAL,2
936,2433,approximately $1 trillion,MONEY,2
937,847,70%,PERCENT,2
938,846,70 percent,PERCENT,2
939,2550,just 21 percent,PERCENT,2
940,345,1677,DATE,2
941,571,"29
",PERCENT,2
942,574,29.1,CARDINAL,2
943,575,29.3,CARDINAL,2
944,348,169 million,CARDINAL,2
945,576,29.5,CARDINAL,2
946,838,7.4,PERSON,2
947,2659,region1                                            ,ORG,2
948,2545,"innovations
                    ",ORG,2
949,579,2nd,ORDINAL,2
950,2541,iTunes,ORG,2
951,353,17.4,CARDINAL,2
952,2540,iQiyi,ORG,2
953,821,68,DATE,2
954,354,17.8,CARDINAL,2
955,819,6733,CARDINAL,2
956,2450,as %,PERCENT,2
957,355,170,CARDINAL,2
958,815,66.3,CARDINAL,2
959,356,173,CARDINAL,2
960,777,58,DATE,2
961,775,573,CARDINAL,2
962,514,"23285, March 2017",DATE,2
963,444,2001,DATE,2
964,731,5 to 30 percent,PERCENT,2
965,728,5,DATE,2
966,453,2009,DATE,2
967,724,499,MONEY,2
968,662,4 percent,PERCENT,2
969,663,4 to 6 percent,PERCENT,2
970,665,"4)
",DATE,2
971,2609,now,DATE,2
972,720,488,CARDINAL,2
973,719,48,DATE,2
974,2628,only 1,CARDINAL,2
975,717,479,CARDINAL,2
976,2611,"number 1, September 2018",DATE,2
977,439,2000,CARDINAL,2
978,773,56 percent,PERCENT,2
979,709,46,DATE,2
980,2625,one-quarter,CARDINAL,2
981,2624,one-fifth,CARDINAL,2
982,2622,one week,DATE,2
983,702,446,CARDINAL,2
984,682,40 million,CARDINAL,2
985,685,400,CARDINAL,2
986,425,"20
                                 23",CARDINAL,2
987,2493,dodge trade war tariffs,ORG,2
988,695,43.8,CARDINAL,2
989,428,20 to 29 percent,PERCENT,2
990,431,20.0,CARDINAL,2
991,2495,eBay,ORG,2
992,732,5%,PERCENT,2
993,735,"5.0
                                                                                                             3.9",MONEY,2
994,653,38.0,CARDINAL,2
995,397,1997,DATE,2
996,481,2021F,CARDINAL,2
997,625,33 percent,PERCENT,2
998,770,55 percent,PERCENT,2
999,480,2021,DATE,2
1000,629,34,DATE,2
1001,630,"34
",DATE,2
1002,382,19.6,CARDINAL,2
1003,632,34 percent,PERCENT,2
1004,383,192,CARDINAL,2
1005,763,53 percent,PERCENT,2
1006,634,35,DATE,2
1007,759,52,DATE,2
1008,637,351,CARDINAL,2
1009,389,1985,DATE,2
1010,638,352,CARDINAL,2
1011,476,202,CARDINAL,2
1012,2598,more than two-thirds,CARDINAL,2
1013,391,1990,DATE,2
1014,750,50                           ,MONEY,2
1015,747,5.9,CARDINAL,2
1016,2637,only 5 percent,PERCENT,2
1017,744,5.7,CARDINAL,2
1018,743,5.6,CARDINAL,2
1019,2636,only 49 million,CARDINAL,2
1020,741,5.4 percent,PERCENT,2
1021,740,5.3,CARDINAL,2
1022,2603,nearly half,CARDINAL,2
1023,2662,reshoring,ORG,2
1024,430,20%,PERCENT,2
1025,554,27.4,CARDINAL,2
1026,877,791,CARDINAL,2
1027,2421,almost two-thirds,CARDINAL,2
1028,2571,monthly,DATE,2
1029,863,751,CARDINAL,2
1030,340,161,CARDINAL,2
1031,866,77,CARDINAL,2
1032,533,247,CARDINAL,2
1033,538,25.0,CARDINAL,2
1034,2417,almost half,CARDINAL,2
1035,338,16.6,CARDINAL,2
1036,870,78,DATE,2
1037,534,24701,CARDINAL,2
1038,856,74 percent,PERCENT,2
1039,865,76,DATE,2
1040,327,15712,CARDINAL,2
1041,857,742,CARDINAL,2
1042,560,278,CARDINAL,2
1043,559,276,CARDINAL,2
1044,530,244,CARDINAL,2
1045,2559,less than 20 percent,PERCENT,2
1046,335,16 percent,PERCENT,2
1047,555,27.9,CARDINAL,2
1048,2418,almost one-third,CARDINAL,2
1049,2552,just 29 percent,PERCENT,2
1050,525,24.2,CARDINAL,2
1051,854,74,CARDINAL,2
1052,2577,more than 20,CARDINAL,2
1053,895,8.5,CARDINAL,2
1054,516,"23684, August 2017",DATE,2
1055,553,27.3,CARDINAL,2
1056,2416,almost 870 million,CARDINAL,2
1057,871,"78
",WORK_OF_ART,2
1058,889,8.1,CARDINAL,2
1059,2516,flows.99 Alibaba’s,FAC,1
1060,2024,Rahil Jogani,GPE,1
1061,2025,Rajat Gupta,PERSON,1
1062,2022,Rachel Moss,PERSON,1
1063,2855,zara.com/us/en/sustainability-suppliers-l1456.html,GPE,1
1064,2514,five or six,CARDINAL,1
1065,2515,flows.93 Automation,ORG,1
1066,2513,"five
                            to ten days",DATE,1
1067,1887,More than 90 percent,PERCENT,1
1068,1833,McKinsey Apparel,ORG,1
1069,2576,more than 190,CARDINAL,1
1070,2606,networks.30,ORG,1
1071,2037,Ric Aguiar,PERSON,1
1072,2036,Review of International Economics,ORG,1
1073,2857,|,GPE,1
1074,2035,Review of International                  intellectual property report,ORG,1
1075,2511,first half 2018,DATE,1
1076,2034,Review of Economics,ORG,1
1077,2605,needed).108 Russia,LOC,1
1078,2033,Reuters,ORG,1
1079,2026,Randy Lim,PERSON,1
1080,2032,Rest of World,WORK_OF_ART,1
1081,2031,Reshoring,ORG,1
1082,2604,"nearly one
                            billion",CARDINAL,1
1083,2030,Republic                                                       ,ORG,1
1084,2029,Rensyn Hooi,ORG,1
1085,2028,Rehnberg,GPE,1
1086,2779,"the World Input-Output
      Database",ORG,1
1087,1832,McKinsey & Company Advanced Industries Practice,ORG,1
1088,2027,Rebeca Robboy,PERSON,1
1089,2016,Production and Operations Management,ORG,1
1090,2601,"nearly $14,000",MONEY,1
1091,2786,the current season,DATE,1
1092,1840,"McKinsey Global
  Institute",ORG,1
1093,1841,"McKinsey Global Energy Perspective
                                                                         ",ORG,1
1094,2788,the early 1970s,DATE,1
1095,2005,Platform Revolution:,EVENT,1
1096,2520,future).4,ORG,1
1097,2004,Pitsinee Jitpleecheep,ORG,1
1098,2790,the end of 2017,DATE,1
1099,2597,more than ten million,CARDINAL,1
1100,2001,Peterson Institute,ORG,1
1101,2564,marketing.55 Apple,ORG,1
1102,1999,Peru,GPE,1
1103,2596,more than six,CARDINAL,1
1104,1997,Pepsi,ORG,1
1105,1996,Payoneer,ORG,1
1106,1995,Paulo Bastos,PERSON,1
1107,1842,McKinsey Global Energy Projection,ORG,1
1108,2791,the fall,DATE,1
1109,1994,Paul Gao,PERSON,1
1110,2792,the first half of 2018,DATE,1
1111,1839,"McKinsey Global
                            Institute",ORG,1
1112,2853,years.115,GPE,1
1113,2020,Quarterly Review,ORG,1
1114,1838,"McKinsey Global
                                 Institute",ORG,1
1115,2019,Qatar,GPE,1
1116,2018,Purdue University’s,ORG,1
1117,2017,Puneet Chandok,WORK_OF_ART,1
1118,2782,the World Trade Organization,ORG,1
1119,2783,"the World Trade Organization
                                                                               ",ORG,1
1120,2854,yesterday,DATE,1
1121,2600,mpt,ORG,1
1122,2015,"Production and Operations
      Management",ORG,1
1123,1835,McKinsey Corporate and Business,ORG,1
1124,2784,the World-Input Output                        ,ORG,1
1125,2518,"free digital
                     ",ORG,1
1126,2013,Princeton,PERSON,1
1127,2012,Princeton,ORG,1
1128,2519,from 2013 to 2017,DATE,1
1129,1836,"McKinsey Digital
        20/20",ORG,1
1130,2010,Prakriti Mishra,PERSON,1
1131,2009,Prakash,PERSON,1
1132,2599,most.100,ORG,1
1133,1837,McKinsey Economic Conditions Survey,ORG,1
1134,2778,the World Input,ORG,1
1135,2045,"Robert C.
",PERSON,1
1136,2607,next five to ten years,DATE,1
1137,2863, United States,GPE,1
1138,2073,Sami Sert,PERSON,1
1139,2765,the US International Trade Commission,ORG,1
1140,2570,"models.7




                            4
                                ",ORG,1
1141,2072,Sameer Khetarpal,PERSON,1
1142,2071,Samasource,ORG,1
1143,2070,Sam,PERSON,1
1144,2766,"the United
                                    States",GPE,1
1145,2569,"mixed.163
                            ",ORG,1
1146,2499,early 2019,DATE,1
1147,2615,number 19,CARDINAL,1
1148,2573,more than $18 trillion,MONEY,1
1149,2069,Saharan Africa,GPE,1
1150,2068,Sahara,GPE,1
1151,2067,STRIVR,ORG,1
1152,2066,STRI,ORG,1
1153,2500,early January,DATE,1
1154,2862, Portugal,GPE,1
1155,2064,"SG&A
                                                                                                                      ",ORG,1
1156,2614,number 17/77,CARDINAL,1
1157,2075,San Diego,GPE,1
1158,2776,"the World Bank
Group",ORG,1
1159,1814,"May 13, 2018",DATE,1
1160,1813,"May
                        2014",DATE,1
1161,2085,Saurav Tripathy,PERSON,1
1162,2761,the Thai Beverage Group,ORG,1
1163,2762,the Tuck School of Business,ORG,1
1164,2496,each year,DATE,1
1165,2082,Saskia Hausler,PERSON,1
1166,2617,number 326,CARDINAL,1
1167,2497,each year back to 1995,DATE,1
1168,1815,"May 15, 2017",DATE,1
1169,2764,the UN Statistical Commission,ORG,1
1170,1816,May 16–17,DATE,1
1171,2616,"number 24701, June 2018",DATE,1
1172,2763,the Twenty-First Century,EVENT,1
1173,2081,"Sangeet Paul
                                       Choudary",ORG,1
1174,2080,Sangeet,ORG,1
1175,2079,Sandrine Devillard,PERSON,1
1176,2078,Sandile,GPE,1
1177,2077,"San Francisco
",GPE,1
1178,1822,McAfee,ORG,1
1179,2613,number 1121,CARDINAL,1
1180,2768,"the United
                      States",GPE,1
1181,1828,"McKinsey
    Global Institute",ORG,1
1182,2050,Rome,GPE,1
1183,1827,"McKinsey
        Global Institute",ORG,1
1184,2575,more than 100,CARDINAL,1
1185,2508,every month,DATE,1
1186,2608,nine,CARDINAL,1
1187,2509,firms.139,ORG,1
1188,2774,the University of Science and Technology of China,ORG,1
1189,2046,"Robert C.
                                                                  Feenstra",PERSON,1
1190,1843,"McKinsey Global Executive
     ",ORG,1
1191,2501,earth,LOC,1
1192,2044,Rob Whiteman,PERSON,1
1193,2043,"Riding China’s huge, high-flying car market,",WORK_OF_ART,1
1194,2042,Richard Lee,PERSON,1
1195,2565,markets.138,GPE,1
1196,2041,Richard Kelly,PERSON,1
1197,2858,~10%,PERCENT,1
1198,2040,Richard Johnson,PERSON,1
1199,2775,the WTO Doha Round,ORG,1
1200,1826,"McKinsey
                                  Global Institute",ORG,1
1201,2052,Roughly one-sixth,CARDINAL,1
1202,2859,÷,NORP,1
1203,2861, Ireland,GPE,1
1204,2502,economies.160,ORG,1
1205,2503,eds.,GPE,1
1206,2612,number 100,CARDINAL,1
1207,2574,more than $70 billion,MONEY,1
1208,2505,eight,CARDINAL,1
1209,2566,"millet meals.92

                                       Expansion",ORG,1
1210,2059,S1,PRODUCT,1
1211,2058,"S. Korea
               ",GPE,1
1212,2057,S. Korea,GPE,1
1213,2506,eroding.164,GPE,1
1214,2056,Ryan Noonan,PERSON,1
1215,2771,"the United States
",GPE,1
1216,2610,"ntensive
 goods          ",PRODUCT,1
1217,2055,Ruta,ORG,1
1218,1824,McDonald’s,ORG,1
1219,2054,Russian,NORP,1
1220,2772,"the United States1
",GPE,1
1221,1993,Paul Danos Dean,PERSON,1
1222,1988,Patricia Sourdin,PERSON,1
1223,1992,Paul Choudary,PERSON,1
1224,1991,Patrick White,PERSON,1
1225,1929,Nobel,WORK_OF_ART,1
1226,1928,Nina Wittkamp,PERSON,1
1227,1872,Michael Shi,PERSON,1
1228,1927,Nikkei Asian Review,ORG,1
1229,2553,just 4 percent,PERCENT,1
1230,1926,"Nikkei Asian
                                 Review",ORG,1
1231,2539,iPod,ORG,1
1232,1874,Michel Van Hoey,PERSON,1
1233,1925,Nikkei Asia Review,ORG,1
1234,2819,tradable.76,ORG,1
1235,2820,trade.102,PERSON,1
1236,1875,Michele,PERSON,1
1237,1922,Nienke Beuwer,PERSON,1
1238,1921,Niels,PERSON,1
1239,1919,Nick Leung,PERSON,1
1240,2821,trade.44,CARDINAL,1
1241,1918,Nicholas,PERSON,1
1242,1917,Newsweek,ORG,1
1243,1916,New Zealand,GPE,1
1244,1930,Nobel laureates,WORK_OF_ART,1
1245,2554,just 9 percent,PERCENT,1
1246,1931,Nordås,GPE,1
1247,1938,November,DATE,1
1248,2535,hyperscale,PERSON,1
1249,2556,just one week,DATE,1
1250,2536,iBooks Store,ORG,1
1251,2816,time.180,ORG,1
1252,1941,November 2014,DATE,1
1253,1940,November 2010,DATE,1
1254,1865,Mexico                                                                ,ORG,1
1255,2841,viii          ,ORG,1
1256,1867,Michael Birshan,PERSON,1
1257,1871,Michael Mann,PERSON,1
1258,2555,just a decade later,DATE,1
1259,2818,together.27,ORG,1
1260,2840,up to 80 percent,PERCENT,1
1261,2839,up to 30 percent,PERCENT,1
1262,1935,North Korea,GPE,1
1263,1934,North Africa,GPE,1
1264,1933,"North
American Economic Review",NORP,1
1265,1932,North,GPE,1
1266,2542,imperative.148,ORG,1
1267,2822,trade.78 Providers,ORG,1
1268,2583,"more than 65,000",CARDINAL,1
1269,1886,Moody’s,ORG,1
1270,1882,Mirko Draca,PERSON,1
1271,1901,NYU,ORG,1
1272,2826,"turnarounds.150
                      ",WORK_OF_ART,1
1273,2828,two million third,CARDINAL,1
1274,2829,two to five weeks,DATE,1
1275,1898,NEARSHORING,PERSON,1
1276,1884,Mongolia,GPE,1
1277,1885,Monty Rakusen,PERSON,1
1278,2579,"more than 28,000",CARDINAL,1
1279,2549,just 20 percent,PERCENT,1
1280,1895,Märtha,PERSON,1
1281,1894,Munmun Baishya,PERSON,1
1282,2833,"under 50,000 RMB",MONEY,1
1283,1893,Moving beyond the balance-sheet economy,WORK_OF_ART,1
1284,1892,Moving beyond the balance-sheet                for the Age of Globalization,WORK_OF_ART,1
1285,2834,unviable.162,ORG,1
1286,1890,Moritz Petersen,PERSON,1
1287,1889,More than two-thirds,CARDINAL,1
1288,2578,more than 20 percent,PERCENT,1
1289,1903,Nagendra Bommadevara,PERSON,1
1290,2543,industry.137 Ocado,PERSON,1
1291,2823,transactions.109 Maersk,ORG,1
1292,1913,"New
                                       York",GPE,1
1293,1876,Microeconomics,ORG,1
1294,2544,innovation.165,ORG,1
1295,1877,Microeconomics,PERSON,1
1296,1910,Nestlé,ORG,1
1297,1909,Nesta,PERSON,1
1298,1878,Microsoft,ORG,1
1299,1879,"Middle East
",LOC,1
1300,1880,Mining,PERSON,1
1301,2825,trillion-dollar,MONEY,1
1302,2546,innovations              ,ORG,1
1303,2582,more than 600,CARDINAL,1
1304,2551,just 23 days,DATE,1
1305,2547,itself.175,PERSON,1
1306,1906,National Bureau of Statistics,ORG,1
1307,1905,"National Bureau of
Acemoglu",ORG,1
1308,1904,"National Bureau
Täube",ORG,1
1309,2548,"just
                            4 percent",PERCENT,1
1310,2815,three days,DATE,1
1311,1864,Mexico                                                               ,ORG,1
1312,1944,November 2018,DATE,1
1313,1850,McKinsey Global Institute                                ,ORG,1
1314,1979,Pacific                                  ,ORG,1
1315,2798,the next 12 months,DATE,1
1316,2594,"more than five
                     million",CARDINAL,1
1317,1977,PQ Media,ORG,1
1318,1976,Oyesanya,PERSON,1
1319,2848,world.147,GPE,1
1320,2847,world.117,ORG,1
1321,1849,McKinsey Global Institute            ,ORG,1
1322,2593,more than a quarter,CARDINAL,1
1323,1980,"Pacific                   China
                                                                                                                    ",ORG,1
1324,1851,McKinsey Global Institute       Globalization,ORG,1
1325,2560,less than 50 percent,PERCENT,1
1326,2526,goods.46,CARDINAL,1
1327,1973,Otuedon,ORG,1
1328,2800,the next era,DATE,1
1329,1972,Orley Ashenfelter,PRODUCT,1
1330,1971,Organisation for Economic Co-operation,ORG,1
1331,2592,more than a billion hours,MONEY,1
1332,2561,march,DATE,1
1333,2525,goods.33 R&D,ORG,1
1334,1969,Oregon,GPE,1
1335,2835,up to $3.0 trillion,MONEY,1
1336,1990,Patrick Hertzke,PERSON,1
1337,2852,years ago,DATE,1
1338,2793,the last 10 years,DATE,1
1339,1844,McKinsey Global Executive Survey,ORG,1
1340,2521,"g
                                                                                        ",ORG,1
1341,2563,market.145,GPE,1
1342,1989,Patrick,PERSON,1
1343,2562,market.116 Adidas,PERSON,1
1344,2851,"years
                                 ahead",DATE,1
1345,1982,Panama,GPE,1
1346,2522,globalization.4 Thirty-three percent,ORG,1
1347,1986,Pascal Bornet,PERSON,1
1348,2523,good.47,ORG,1
1349,2797,the millions,CARDINAL,1
1350,1985,Parker,PERSON,1
1351,2524,goods.17,GPE,1
1352,2849,"worldwide.149
                            ",ORG,1
1353,1983,Pankaj,PERSON,1
1354,2801,the next three years,DATE,1
1355,1968,Oppo,ORG,1
1356,2842,weekly,DATE,1
1357,1860,Mehdi Miremadi,PERSON,1
1358,2760,"the System of National Accounts
                                 ",ORG,1
1359,1953,"OECD Trade
                                 Policy Papers",ORG,1
1360,1952,"OECD Science, Technology and Industry Policy Papers",ORG,1
1361,2588,more than 85 percent,PERCENT,1
1362,2844,winter 2013,DATE,1
1363,2529,history.79,GPE,1
1364,2530,hours,TIME,1
1365,1859,Meet Amelia: Your intelligent digital workforce,WORK_OF_ART,1
1366,2843,weight.123,PRODUCT,1
1367,1955,ONE,CARDINAL,1
1368,2586,more than 80 hours,TIME,1
1369,2532,hundreds of millions,CARDINAL,1
1370,2810,the years from 1995 to 2017,DATE,1
1371,2585,more than 75 percent,PERCENT,1
1372,2534,hundreds of millions of dollars,MONEY,1
1373,1862,"Mekala Krishnan
",PERSON,1
1374,1946,"November 27, 2016",DATE,1
1375,2813,thousands,CARDINAL,1
1376,2807,the second year,DATE,1
1377,1858,McLeish Ukomatimi Otuedon,PERSON,1
1378,1967,Only 3 percent,PERCENT,1
1379,2557,just over half,CARDINAL,1
1380,2558,leap.154,PERSON,1
1381,2591,more than a billion,CARDINAL,1
1382,2590,more than a,CARDINAL,1
1383,2802,the past 40 years,DATE,1
1384,2527,goods.6 R&D,ORG,1
1385,1964,Oman,GPE,1
1386,1963,Olympic Winter Games,EVENT,1
1387,1962,Oliver Tonby,PERSON,1
1388,1961,"Office
                                                          Footwear",ORG,1
1389,1857,McLeish Ukomatimi,PERSON,1
1390,2589,more than 90 percent,PERCENT,1
1391,2804,the past half century,DATE,1
1392,2846,world.103,PERSON,1
1393,1855,McKinsey on Business Technology,ORG,1
1394,2845,workers.171,ORG,1
1395,2805,the past quarter century,DATE,1
1396,2806,the same period,DATE,1
1397,1957,"October 13, 2017",DATE,1
1398,2409,ahead.43,DATE,1
1399,2120,Sixth,ORDINAL,1
1400,2086,Scandinavia,LOC,1
1401,2436,approximately 118 million,CARDINAL,1
1402,2319,Waymo,PRODUCT,1
1403,2660,regulation.112,PERSON,1
1404,2704,surplus.158,ORG,1
1405,2705,system.111,ORG,1
1406,2317,"Washington,",ORG,1
1407,2706,tec ing l n,ORG,1
1408,2316,Washington Post,ORG,1
1409,2434,approximately $160 billion,MONEY,1
1410,2435,approximately 1 percent,PERCENT,1
1411,2315,Washington Center for Equitable Growth,ORG,1
1412,2437,approximately 40 percent,PERCENT,1
1413,2703,subsectors,PRODUCT,1
1414,2312,Wards Auto,ORG,1
1415,2438,"around $1,100",MONEY,1
1416,2708,ten years,DATE,1
1417,2439,around $20 trillion,MONEY,1
1418,2310,Wall Street Journal,ORG,1
1419,2440,around $6 trillion,MONEY,1
1420,2308,WPS8674,ORG,1
1421,2441,"around $7,000",MONEY,1
1422,2442,around 1 percent,PERCENT,1
1423,2443,around 10 percent,PERCENT,1
1424,2320,WeChat,ORG,1
1425,2321,Wendy C. Y. Li,PERSON,1
1426,2342,"World Bank
                           Group",ORG,1
1427,2330,Whim,PRODUCT,1
1428,2340,"World
                          Bank Group",ORG,1
1429,2338,Wolfgang,PERSON,1
1430,2337,Wojciech,PERSON,1
1431,2336,William R. Kerr,PERSON,1
1432,2335,William R. Berkley,PERSON,1
1433,2334,William F.,PERSON,1
1434,2333,William Booth,PERSON,1
1435,2663,resources1,PERSON,1
1436,2332,Wilkie Wou,PERSON,1
1437,2431,another.45 Accounting,ORG,1
1438,2329,Where are online workers located?,WORK_OF_ART,1
1439,2702,statistics.34,ORG,1
1440,2328,Westlake,GPE,1
1441,2327,Western European,NORP,1
1442,2661,research.174,ORG,1
1443,2326,Western Europe                                 ,LOC,1
1444,2699,spillovers.167,PERSON,1
1445,2324,"Western
                            Europe",LOC,1
1446,2700,spring 2014,DATE,1
1447,2432,"approximately
                                     35 percent",PERCENT,1
1448,2322,West,LOC,1
1449,2701,standards.152,PERSON,1
1450,2444,around 25 hours,TIME,1
1451,2709,tenth,ORDINAL,1
1452,2445,"around 500,000",CARDINAL,1
1453,2270,USMCA,ORG,1
1454,2281,Universal Postal Union,ORG,1
1455,2280,United States International Trade Commission,ORG,1
1456,2712,"the
   First",ORG,1
1457,2713,"the
  United Kingdom",GPE,1
1458,2278,"United Kingdom
",GPE,1
1459,2276,United                ,ORG,1
1460,2714,"the
Graduate Institute",ORG,1
1461,2273,Ukraine,GPE,1
1462,2272,Uganda,GPE,1
1463,2655,reality.169,ORG,1
1464,2454,at least eight,CARDINAL,1
1465,2446,around 80 percent,PERCENT,1
1466,2455,automation.134,ORG,1
1467,2654,rbitrage,PERSON,1
1468,2456,average.31,PRODUCT,1
1469,2715,"the
intracompany exchange of intangibles across borders",ORG,1
1470,2268,UNESCO,ORG,1
1471,2653,protections.13,NORP,1
1472,2716,"the
past decade",DATE,1
1473,2717,"the
years",DATE,1
1474,2457,averages 30 percent,PERCENT,1
1475,2265,UN World Tourism Organization,ORG,1
1476,2282,University Press,ORG,1
1477,2283,University of Chicago,ORG,1
1478,2284,Up to $69B,MONEY,1
1479,2285,Up to $790B,MONEY,1
1480,2447,around a quarter,CARDINAL,1
1481,2304,WCO,ORG,1
1482,2448,around five,CARDINAL,1
1483,2710,than half,CARDINAL,1
1484,2711,"the
                                 decade",DATE,1
1485,2302,"W. W. Norton &
",ORG,1
1486,2449,around one-third,CARDINAL,1
1487,2301,W. Michael,PERSON,1
1488,2300,"W
S                                                                       ",PERSON,1
1489,2451,as many as 200,CARDINAL,1
1490,2298,Vivo,ORG,1
1491,2297,Vivien Singer,PERSON,1
1492,2295,Verizon,ORG,1
1493,2293,Varian,PRODUCT,1
1494,2292,Van Reenan,PERSON,1
1495,2452,at least 50 percent,PERCENT,1
1496,2291,Utilities                                                                                                                      ,ORG,1
1497,2290,Uruguay,GPE,1
1498,2289,Urs Binggeli,PERSON,1
1499,2286,Up to 9%,PERCENT,1
1500,2656,recent decade,DATE,1
1501,2698,some five,CARDINAL,1
1502,2343,"World Bank
Policy",ORG,1
1503,2087,Scott Nyquist,PERSON,1
1504,2390,"a
decade",DATE,1
1505,2395,a year,DATE,1
1506,2415,almost 80 percent,PERCENT,1
1507,2394,a third,CARDINAL,1
1508,2680,sample.140,ORG,1
1509,2670,"roughly $25,000",MONEY,1
1510,2681,seasonal,DATE,1
1511,2392,a decade,DATE,1
1512,2683,security.110 HSBC,ORG,1
1513,2419,almost three,CARDINAL,1
1514,2391,a couple of hours,TIME,1
1515,2389,Zhu Lixin,PERSON,1
1516,2397,about $110 billion,MONEY,1
1517,2684,sellers.97,NORP,1
1518,2420,"almost two-
                                 ",CARDINAL,1
1519,2685,semiannual,DATE,1
1520,2388,Zhongwei,GPE,1
1521,2686,services.28,PERSON,1
1522,2669,"roughly
                     $160 billion",MONEY,1
1523,2668,"roughly
                            40 percent",PERCENT,1
1524,2387,Zhi,PERSON,1
1525,2386,Zhan Michael Shi,PERSON,1
1526,2385,Zhan                  Statistics,ORG,1
1527,2396,"about
                     $230 billion",MONEY,1
1528,2398,about $80 billion,MONEY,1
1529,2697,some 35 percent,PERCENT,1
1530,2413,almost 70,CARDINAL,1
1531,2411,almost $600,MONEY,1
1532,2674,roughly 40 percent,PERCENT,1
1533,2675,roughly 50 percent,PERCENT,1
1534,1811,Matthias Dischinger,PERSON,1
1535,2672,roughly 20,CARDINAL,1
1536,2412,almost 20 percent,PERCENT,1
1537,2408,activities.156,PERSON,1
1538,2676,roughly 70 percent,PERCENT,1
1539,2407,accordingly.23,PERSON,1
1540,2406,above zero,CARDINAL,1
1541,2405,about.nike.com/pages/nike-explore-team-sport-research-lab,ORG,1
1542,2679,roughly one-third,CARDINAL,1
1543,2414,almost 70 percent,PERCENT,1
1544,2404,about three,CARDINAL,1
1545,2671,roughly 100 million,CARDINAL,1
1546,2403,about one-quarter,CARDINAL,1
1547,2402,about 60 percent,PERCENT,1
1548,2401,about 18 percent,PERCENT,1
1549,2677,roughly a third,CARDINAL,1
1550,2678,roughly half,CARDINAL,1
1551,2400,"about 1,300",CARDINAL,1
1552,2399,about 1 percent,PERCENT,1
1553,2384,Zendesk,PERSON,1
1554,2383,Zealand,GPE,1
1555,2422,an approximately $104 billion,MONEY,1
1556,2691,several percent,PERCENT,1
1557,2360,World Trade in Services,ORG,1
1558,2359,World Trade Report 2018,ORG,1
1559,2358,World Trade Report 2018,EVENT,1
1560,2357,World Trade Organization Trade in Value,ORG,1
1561,2690,several decades,DATE,1
1562,2428,annually.68,ORG,1
1563,2429,"another
revolution",EVENT,1
1564,2354,"World Trade
                                Organization",ORG,1
1565,2664,revenues.136 Netflix,ORG,1
1566,2353,World Intellectual Property Organization,ORG,1
1567,2352,"World Intellectual Property
                                 Organization",ORG,1
1568,2687,services.65,GPE,1
1569,2351,World Integrated Trade Solution,ORG,1
1570,2350,World Input-Output Database,PRODUCT,1
1571,2692,sin s,PRODUCT,1
1572,2430,another 30 years,DATE,1
1573,2694,some $350 billion to $790 billion,MONEY,1
1574,2348,World Input-Ouput Database,PRODUCT,1
1575,2695,some $700 billion,MONEY,1
1576,2696,some 17 percent,PERCENT,1
1577,2346,World Customs Organization,ORG,1
1578,2345,World Bank Group et al.,ORG,1
1579,2362,Wuxi,GPE,1
1580,2363,Wuxi AppTec,GPE,1
1581,2364,Xiaomi,ORG,1
1582,2365,Xiaomi,PERSON,1
1583,2381,Yury Troshchenko,PERSON,1
1584,2423,an estimated $13.4 trillion,MONEY,1
1585,2424,an estimated $30 billion,MONEY,1
1586,2425,an estimated 7.6 million,CARDINAL,1
1587,2667,"roughly
                               $25,000",MONEY,1
1588,2379,Yunnan,GPE,1
1589,2378,Yu Nakamura,PERSON,1
1590,2377,YouTube,PERSON,1
1591,2375,YouTube,EVENT,1
1592,2374,"York,",ORG,1
1593,2666,"roughly
                                 a third",CARDINAL,1
1594,2373,Ying Li,PERSON,1
1595,2372,Yawen Chen,PERSON,1
1596,2371,Yann Duval,PERSON,1
1597,2370,Yann,PERSON,1
1598,2369,Yang Mi.87,PERSON,1
1599,2688,services.77,ORG,1
1600,2665,rke,ORG,1
1601,2368,Yahoo,ORG,1
1602,2367,Xuepeng,PERSON,1
1603,2366,Xometry,PERSON,1
1604,2264,"UN Economic and Social Commission
",ORG,1
1605,2263,UN Economic and Social Commission,ORG,1
1606,2262,UN Comtrade,ORG,1
1607,2142,Soyoko Umeno,PERSON,1
1608,2154,Stefan,PERSON,1
1609,2153,Staying,PRODUCT,1
1610,2152,States,GPE,1
1611,2150,Stanton,ORG,1
1612,2149,Stanford University,ORG,1
1613,2148,Sri Lanka,GPE,1
1614,2479,consumption.16,ORG,1
1615,2145,"Spiders
Acemoglu",WORK_OF_ART,1
1616,2631,only 20 to 30,CARDINAL,1
1617,2747,the International Trade                       ,ORG,1
1618,2480,context.144,ORG,1
1619,2156,Step 2a,PRODUCT,1
1620,2481,costs.36,ORG,1
1621,2140,South1,ORG,1
1622,2748,the International Trade Centre’s,ORG,1
1623,2138,South Korean,NORP,1
1624,2482,countries.168,ORG,1
1625,2630,only 18 percent,PERCENT,1
1626,2629,only 16 percent,PERCENT,1
1627,2752,the North African,GPE,1
1628,2135,"South Africa
          ",GPE,1
1629,2483,cti,ORG,1
1630,2155,Stefano Ponte,PERSON,1
1631,2478,components.2 Services,ORG,1
1632,2261,UN,ORG,1
1633,2167,Superstars:,WORK_OF_ART,1
1634,2175,Swiss,NORP,1
1635,2739,the Great Recession,ORG,1
1636,2173,Sven Smit,PERSON,1
1637,2172,Sustainable Development,ORG,1
1638,2170,Susan N.,PERSON,1
1639,2476,chains.40,ORG,1
1640,2740,"the Haas School of
Business, University of California, Berkeley",ORG,1
1641,2741,the Hamburg International Conference of Logistics,EVENT,1
1642,2742,the Hefei State High-Tech Industry Development Zone,ORG,1
1643,2168,Susan,PERSON,1
1644,2743,the Imperial College Business School,ORG,1
1645,2158,Steve Jansen,PERSON,1
1646,2166,Suez Canal,LOC,1
1647,2165,Suedekum,PERSON,1
1648,2164,Sue Jia,PERSON,1
1649,2477,coming years,DATE,1
1650,2163,Subu Narayanan,PERSON,1
1651,2162,Sub-Saharan,NORP,1
1652,2161,Studies Digital Economy Working Paper,ORG,1
1653,2635,only 4 percent,PERCENT,1
1654,2745,the International Labour Office,ORG,1
1655,2634,only 39 percent,PERCENT,1
1656,2133,"South
                     Korea",GPE,1
1657,2627,only $200,MONEY,1
1658,2484,customization.22,ORG,1
1659,2102,Shailesh Kekre,PERSON,1
1660,2754,the OECD ICIO                                       ,ORG,1
1661,2108,Sid Tandon,PERSON,1
1662,2755,the OECD ICIO tables,EVENT,1
1663,2107,Sichuan,GPE,1
1664,2491,development.143,ORG,1
1665,2106,Siberian,NORP,1
1666,2105,Shippo,NORP,1
1667,2621,one million,CARDINAL,1
1668,2104,Shead,PERSON,1
1669,2756,the OECD Inter-Country,ORG,1
1670,2101,Services2                                                                                                                                ,ORG,1
1671,2132,"South
                            Korea",GPE,1
1672,2620,one hour,TIME,1
1673,2100,"September 8, 2018",DATE,1
1674,2757,the Organisation for Economic Co,ORG,1
1675,2094,SenseAware,ORG,1
1676,2618,"o s
           ce     ",PRODUCT,1
1677,2758,the Progressive Policy Institute,ORG,1
1678,2091,Sebastien Miroudot,PERSON,1
1679,2759,the Suez Canal,LOC,1
1680,2089,Seattle,GPE,1
1681,2088,Se,PRODUCT,1
1682,2109,"Silicon
                                 and",ORG,1
1683,2110,"Silicon
Commission Background Paper Series",ORG,1
1684,2111,Silicon Valley,LOC,1
1685,2112,Simeon,PERSON,1
1686,2131,"South
                            ",NORP,1
1687,2130,South,LOC,1
1688,2129,Sophie Jewsbury,PERSON,1
1689,2485,daily,DATE,1
1690,2128,Some 80 million,CARDINAL,1
1691,2486,data.157,ORG,1
1692,2127,"Some
subsectors",DATE,1
1693,2126,SoftWear Automation,ORG,1
1694,2125,SoftBank Group,ORG,1
1695,2124,SoftBank,ORG,1
1696,2123,Social Security,ORG,1
1697,2487,days,DATE,1
1698,2121,Slovak,LANGUAGE,1
1699,2410,almost $480 billion,MONEY,1
1700,2119,Sixteen,CARDINAL,1
1701,2118,Six,CARDINAL,1
1702,2117,Singles Day,EVENT,1
1703,2488,decade.125,ORG,1
1704,2116,Singapore2,NORP,1
1705,2623,one-day,DATE,1
1706,2490,development.107 Automated,ORG,1
1707,2737,the General Data Protection Regulation,ORG,1
1708,2177,Sydney,GPE,1
1709,2178,"Sébastian
     ",WORK_OF_ART,1
1710,2231,Tim Beacom,PERSON,1
1711,2648,potential.131,ORG,1
1712,2240,Tony Zhou,PERSON,1
1713,2647,payments.66,PRODUCT,1
1714,2724,the ASEAN Economic Community,ORG,1
1715,2239,Tomas Kellner,PERSON,1
1716,2237,Tobias Wölfel,PERSON,1
1717,2725,the Africa Continental Free Trade Area,ORG,1
1718,2233,Tim Koller,PERSON,1
1719,2232,Tim Ecker,PERSON,1
1720,2646,"partner.181
                                                                               ",LAW,1
1721,2230,Three-quarters,CARDINAL,1
1722,2727,"the Bureau of Economic



",ORG,1
1723,2465,between 2010 and 2017,DATE,1
1724,2645,parc,ORG,1
1725,2726,the Asian Super Grid,EVENT,1
1726,2228,Thomas Y. Choi,PERSON,1
1727,2227,Thomas Y.,PERSON,1
1728,2226,Thomas Tørsløv,PERSON,1
1729,2225,Thomas R. Tørsløv,PERSON,1
1730,2224,Thomas R.,PERSON,1
1731,2223,Thomas Morel,PERSON,1
1732,2222,Thomas H.,PERSON,1
1733,2463,between 2007 and 2014,DATE,1
1734,2649,power.159,ORG,1
1735,2723,the 21st Century,DATE,1
1736,2243,"Tracking the international footprints
                                                                  to measure changes in well-being",WORK_OF_ART,1
1737,2260,"UK2
",ORG,1
1738,2652,productive.141,GPE,1
1739,2258,UBS,ORG,1
1740,2458,barrier.113,GPE,1
1741,2651,procedures.104,ORG,1
1742,2721,the 2018 Super Bowl,EVENT,1
1743,2256,Tørsløv,PERSON,1
1744,2650,printable,PRODUCT,1
1745,2254,Two,CARDINAL,1
1746,2253,Twitter,ORG,1
1747,2252,Turkey                                                     Textiles,ORG,1
1748,2722,the 20th century,DATE,1
1749,2460,between 1995 and 2009,DATE,1
1750,2572,"more than
                                                                               200",CARDINAL,1
1751,2249,Turbulent Times,ORG,1
1752,2248,Trump,PERSON,1
1753,2247,Trump,ORG,1
1754,2246,Trading on time,WORK_OF_ART,1
1755,2245,TradeLens,ORG,1
1756,2461,between 1997,DATE,1
1757,2244,Trade Facilitation Agreement,LAW,1
1758,2466,between 2013,DATE,1
1759,2220,The ‘Chinese Netflix’,WORK_OF_ART,1
1760,2735,the European Union,ORG,1
1761,2638,only 7 percent,PERCENT,1
1762,2640,only about 40 percent,PERCENT,1
1763,2194,Telemedicine,ORG,1
1764,2731,"the Czech
                                    Republic",GPE,1
1765,2193,Telegeography,ORG,1
1766,2639,only 9 percent,PERCENT,1
1767,2472,blockchains,PERSON,1
1768,2190,Tata Steel,ORG,1
1769,2473,"boi.go.th/upload/content/Article%201_Robotics%20
                                  Final_74926_5a78029944a36.pdf",ORG,1
1770,2474,business.101,ORG,1
1771,2189,"Tata
                     Group",ORG,1
1772,2188,Tarek Elmasry,PERSON,1
1773,2219,The decade ahead,DATE,1
1774,2732,the Czech Republic,GPE,1
1775,2733,the Earl C. Daum 1924,PERSON,1
1776,2187,Tanzania,GPE,1
1777,2186,Tang Ming Tung,PERSON,1
1778,2185,Takashi Sugimoto,PERSON,1
1779,2184,Taiwan,GPE,1
1780,2475,capital.122,ORG,1
1781,2183,"THE PREVIOUS ERA OF
GLOBALIZATION",DATE,1
1782,2182,THE ICT REVOLUTION,EVENT,1
1783,2734,the European Economic Association,ORG,1
1784,2197,Texas,GPE,1
1785,2641,operations.120,ORG,1
1786,2730,the Conference Board,ORG,1
1787,2199,Thailand Board of Investment,ORG,1
1788,2218,The World Economy,WORK_OF_ART,1
1789,2217,The World Bank,ORG,1
1790,2644,over two-thirds,CARDINAL,1
1791,2467,between 2015 and 2017,DATE,1
1792,2215,The United Arab Emirates,GPE,1
1793,2214,"The United
Kingdom",GPE,1
1794,2468,bilateral cross-border,ORG,1
1795,2212,"The Review of Economics and
                                  Statistics",ORG,1
1796,2211,The Review of Economics,ORG,1
1797,2728,"the Cape of Good
                                  Hope",LOC,1
1798,2209,The Platform Revolution,EVENT,1
1799,2208,The OECD ICIO,EVENT,1
1800,2469,billion,CARDINAL,1
1801,2643,over 80 percent,PERCENT,1
1802,2206,The MGI Council,ORG,1
1803,2205,The Journal of Economic Perspectives,ORG,1
1804,2642,over $1 billion,MONEY,1
1805,2203,The Great Convergence,FAC,1
1806,2202,The Conference Board,ORG,1
1807,2729,the Champs-Elysées,ORG,1
1808,2200,"The
McKinsey Global Institute",ORG,1
1809,1812,Mattoo,PERSON,1
1810,1432,Foreign Affairs,ORG,1
1811,1810,Matthias Busse,PERSON,1
1812,674,4.6                 ,MONEY,1
1813,671,4.4,CARDINAL,1
1814,669,4.2                 ,MONEY,1
1815,661,"4
1995             ",DATE,1
1816,660,4,DATE,1
1817,658,3D-printable,ORG,1
1818,656,39 percent,PERCENT,1
1819,655,39,DATE,1
1820,651,38,DATE,1
1821,649,373,CARDINAL,1
1822,648,37 percent,PERCENT,1
1823,647,"37
",PERCENT,1
1824,646,37,DATE,1
1825,644,365,MONEY,1
1826,643,361,CARDINAL,1
1827,642,"36,000",CARDINAL,1
1828,636,350,CARDINAL,1
1829,631,34 days,DATE,1
1830,627,333B,MONEY,1
1831,626,33.8,MONEY,1
1832,624,33,DATE,1
1833,622,32 percent,PERCENT,1
1834,618,311,CARDINAL,1
1835,614,300,MONEY,1
1836,609,3.9 percent,PERCENT,1
1837,605,3.5 million,CARDINAL,1
1838,604,"3.5
                                                                             ",PRODUCT,1
1839,603,3.5,PRODUCT,1
1840,601,3.4,MONEY,1
1841,600,3.4,CARDINAL,1
1842,673,4.6,CARDINAL,1
1843,675,4.7,CARDINAL,1
1844,593,3-D printer,ORG,1
1845,676,4.8,CARDINAL,1
1846,753,50%2,ORG,1
1847,751,50 billion,CARDINAL,1
1848,749,50,DATE,1
1849,745,5.8,CARDINAL,1
1850,739,5.2,PERCENT,1
1851,737,"5.1
                                                                             ",CARDINAL,1
1852,733,"5,750",CARDINAL,1
1853,730,5 to 10 percent,PERCENT,1
1854,726,4–12,DATE,1
1855,725,4B,CARDINAL,1
1856,723,49.1,MONEY,1
1857,716,47,DATE,1
1858,714,466,CARDINAL,1
1859,713,465,CARDINAL,1
1860,712,"46,000",MONEY,1
1861,710,46 days,DATE,1
1862,707,45.8 percent,PERCENT,1
1863,705,45 PERCENT,PERCENT,1
1864,701,444 million,CARDINAL,1
1865,700,442,CARDINAL,1
1866,699,44 percent,PERCENT,1
1867,696,432,CARDINAL,1
1868,693,43,DATE,1
1869,691,420 million,CARDINAL,1
1870,690,42 percent,PERCENT,1
1871,687,41 percent,PERCENT,1
1872,684,40.7,CARDINAL,1
1873,681,"40
",WORK_OF_ART,1
1874,680,40,MONEY,1
1875,598,3.2 billion,CARDINAL,1
1876,592,"3,758",CARDINAL,1
1877,760,52.4,CARDINAL,1
1878,528,242,CARDINAL,1
1879,526,240,PRODUCT,1
1880,524,"24,000",MONEY,1
1881,522,24 hours,TIME,1
1882,521,"24
",PERCENT,1
1883,520,"24
",DATE,1
1884,518,"23954, October 2017",DATE,1
1885,517,239,CARDINAL,1
1886,515,23398,CARDINAL,1
1887,513,23222,CARDINAL,1
1888,512,230,CARDINAL,1
1889,511,23.4,CARDINAL,1
1890,510,23.0,CARDINAL,1
1891,507,228,CARDINAL,1
1892,506,220,CARDINAL,1
1893,501,21883,CARDINAL,1
1894,500,218,CARDINAL,1
1895,499,214,CARDINAL,1
1896,497,21.7,DATE,1
1897,491,2030E,CARDINAL,1
1898,490,20302,CARDINAL,1
1899,489,2030.82,CARDINAL,1
1900,488,2030.81,CARDINAL,1
1901,487,2030.39,CARDINAL,1
1902,486,2030.20,CARDINAL,1
1903,485,2030.132,CARDINAL,1
1904,479,2020.2,CARDINAL,1
1905,478,2020.127,CARDINAL,1
1906,474,"20171
                                                                                     %",PERCENT,1
1907,472,2017.85,CARDINAL,1
1908,527,241,CARDINAL,1
1909,529,243,CARDINAL,1
1910,591,"3,300",CARDINAL,1
1911,531,24514,CARDINAL,1
1912,590,"3,279",CARDINAL,1
1913,585,"3
             ",ORG,1
1914,584,"3
           ",ORG,1
1915,583,"3
     ",PERCENT,1
1916,582,3,PRODUCT,1
1917,580,2–6,CARDINAL,1
1918,578,299,MONEY,1
1919,577,29.5,MONEY,1
1920,573,29.0,MONEY,1
1921,569,289,CARDINAL,1
1922,568,287,CARDINAL,1
1923,567,280,CARDINAL,1
1924,566,28.1 percent,PERCENT,1
1925,557,274,CARDINAL,1
1926,556,272–77,CARDINAL,1
1927,552,27.1 billion,MONEY,1
1928,551,"27, 2016",DATE,1
1929,550,27 percent,PERCENT,1
1930,549,27,DATE,1
1931,547,265 hours,TIME,1
1932,546,264,CARDINAL,1
1933,545,261,CARDINAL,1
1934,544,260,PRODUCT,1
1935,543,26 percent,PERCENT,1
1936,541,256,CARDINAL,1
1937,540,250,CARDINAL,1
1938,539,25.5,MONEY,1
1939,536,25 days,DATE,1
1940,532,"24514,",DATE,1
1941,754,50.6,CARDINAL,1
1942,762,53,DATE,1
1943,470,"2017, September 2017",DATE,1
1944,976,Advanced robotics,ORG,1
1945,974,Adobe,ORG,1
1946,972,Adam Bird,PERSON,1
1947,970,Acha Leke,PERSON,1
1948,969,Acemoglu,PERSON,1
1949,968,Aaron Tilley,PERSON,1
1950,967,Aaron De Smet,PERSON,1
1951,966,"Aaditya, et al.",GPE,1
1952,962,ASEAN,ORG,1
1953,961,ANNUALLY,DATE,1
1954,958,AEA Papers and Proceedings 2018,ORG,1
1955,957,"ADB Economics Working
                                                                        ",ORG,1
1956,956,A1,CARDINAL,1
1957,955,A New Approach,WORK_OF_ART,1
1958,954,9–15,CARDINAL,1
1959,953,99%,PERCENT,1
1960,949,96%,PERCENT,1
1961,944,940,CARDINAL,1
1962,943,"94
",DATE,1
1963,942,94,DATE,1
1964,939,92%,PERCENT,1
1965,933,9.5 percent,PERCENT,1
1966,932,9.5,CARDINAL,1
1967,930,"9.0
           25",CARDINAL,1
1968,929,9.0,CARDINAL,1
1969,928,9%,PERCENT,1
1970,927,9 to 13 percent,PERCENT,1
1971,925,"9 for years
                                                                           2016",DATE,1
1972,924,"9
                          ",MONEY,1
1973,919,87 percent,PERCENT,1
1974,975,"Advanced




                           New Zealand",ORG,1
1975,977,Aerospace       Aircraft,ORG,1
1976,917,87,CARDINAL,1
1977,978,Afghanistan,GPE,1
1978,1022,Andrea Andrenelli et al.,PERSON,1
1979,1021,Andrea,PERSON,1
1980,1020,Andorra,GPE,1
1981,1019,Andersson,PERSON,1
1982,1018,Analysis,ORG,1
1983,1017,Amy Goldstein,PERSON,1
1984,1016,Amy,GPE,1
1985,1015,Americas North America,LOC,1
1986,1011,"American
                          Economic Review",ORG,1
1987,1010,"American
                                 Economic Review",ORG,1
1988,1005,Alpesh Patel,PERSON,1
1989,1004,Alliance,ORG,1
1990,1003,Allan,PERSON,1
1991,1001,"AliResearch
                     ",ORG,1
1992,999,AliResearch,ORG,1
1993,996,Alexandre Ménard,PERSON,1
1994,995,Alexander Brotschi,PERSON,1
1995,993,"Alexa Web Information
                                                                                ",ORG,1
1996,992,Alexa Web                               e-commerce,ORG,1
1997,991,Alex Davies,PERSON,1
1998,990,Alaska,GPE,1
1999,989,Alan M. Taylor,PERSON,1
2000,988,Alain Cohen,PERSON,1
2001,987,Airbus,ORG,1
2002,986,Airbnb,PRODUCT,1
2003,985,Aimee Ferris-Rotman,PERSON,1
2004,984,"Agriculture
                                                ",ORG,1
2005,983,Agriculture,PERSON,1
2006,981,Agility:,WORK_OF_ART,1
2007,918,"87


",PERCENT,1
2008,915,86,CARDINAL,1
2009,765,54,DATE,1
2010,837,7.4,MONEY,1
2011,834,7.0,CARDINAL,1
2012,833,"7,467",CARDINAL,1
2013,832,7%,PERCENT,1
2014,831,"7
                          ",PERCENT,1
2015,830,"7
                          ",ORG,1
2016,829,"7
                          ",DATE,1
2017,828,"7

                                                                                                                  ",ORG,1
2018,827,7,DATE,1
2019,825,6–10%,PERCENT,1
2020,824,69 percent,PERCENT,1
2021,822,68 percent,PERCENT,1
2022,818,672B,MONEY,1
2023,817,"67,000 RMB",MONEY,1
2024,811,64,MONEY,1
2025,809,63.0,CARDINAL,1
2026,804,61 hours,TIME,1
2027,803,61,DATE,1
2028,801,60%,PERCENT,1
2029,797,6.8 percent,PERCENT,1
2030,795,6.4,CARDINAL,1
2031,790,"6,886",CARDINAL,1
2032,788,6 to 8 percent,PERCENT,1
2033,787,6 to 13 percent,PERCENT,1
2034,786,6 to 11 percent,PERCENT,1
2035,783,"6
                          ",MONEY,1
2036,781,595–609,CARDINAL,1
2037,772,56,DATE,1
2038,769,"55
",PERCENT,1
2039,766,54 percent,PERCENT,1
2040,835,"7.1        6.8        7.7                          growth rate,",PRODUCT,1
2041,839,7.5                 ,MONEY,1
2042,913,84,DATE,1
2043,841,7.6                                     ,MONEY,1
2044,911,83%,PERCENT,1
2045,910,83,DATE,1
2046,908,823,CARDINAL,1
2047,898,8.8,CARDINAL,1
2048,897,8.7,PERSON,1
2049,896,8.7,CARDINAL,1
2050,893,8.3 percent,PERCENT,1
2051,892,8.3 (11,ORG,1
2052,891,8.3,CARDINAL,1
2053,887,8),CARDINAL,1
2054,885,8 percent,PERCENT,1
2055,884,"8
                          ",PERCENT,1
2056,883,"8
                          ",ORG,1
2057,882,"8
                          ",MONEY,1
2058,881,"8
",PERCENT,1
2059,880,8,PERSON,1
2060,876,79.2,MONEY,1
2061,875,79%,PERCENT,1
2062,874,"79


",MONEY,1
2063,873,79,DATE,1
2064,868,770,CARDINAL,1
2065,867,77,DATE,1
2066,864,76,CARDINAL,1
2067,862,75.4,CARDINAL,1
2068,858,743,CARDINAL,1
2069,852,721,CARDINAL,1
2070,849,702,CARDINAL,1
2071,848,700,CARDINAL,1
2072,843,7.9,CARDINAL,1
2073,471,2017.129,DATE,1
2074,469,2017 to 2030,DATE,1
2075,1809,Matthias,PERSON,1
2076,140,1,GPE,1
2077,134,07,DATE,1
2078,131,06,CARDINAL,1
2079,130,05,DATE,1
2080,128,04,CARDINAL,1
2081,126,0.9                   -0.4            ,MONEY,1
2082,124,0.9,PERSON,1
2083,122,0.8,PRODUCT,1
2084,121,0.67 percent,PERCENT,1
2085,120,0.6,PERSON,1
2086,119,0.6,CARDINAL,1
2087,115,0.3,PERSON,1
2088,114,0.3,DATE,1
2089,112,0.2,CARDINAL,1
2090,109,-three,ORG,1
2091,108,-8.8,PERSON,1
2092,106,-8.0                                                                         ,ORG,1
2093,105,-8.0                                                              ,ORG,1
2094,104,-7.2,PERSON,1
2095,103,-7.0,ORG,1
2096,102,"-6.2

                    ",ORG,1
2097,101,-6.0,PERSON,1
2098,100,-56,PERSON,1
2099,99,-55,DATE,1
2100,98,-49                  ,PERSON,1
2101,97,-4.4,ORG,1
2102,94,-3.6,PERSON,1
2103,92,-2.9,PERSON,1
2104,91,-2.8,PERSON,1
2105,89,-2.5,PERSON,1
2106,139,1,DATE,1
2107,142,"1
                          ",MONEY,1
2108,87,-2.4,GPE,1
2109,143,1 2017,DATE,1
2110,187,10.0 percent,PERCENT,1
2111,186,10.0,CARDINAL,1
2112,185,10 to 20 percent,PERCENT,1
2113,183,10 8.5,DATE,1
2114,182,"10
                                                           49",DATE,1
2115,181,"10
                           ",CARDINAL,1
2116,180,"10


1",CARDINAL,1
2117,179,"10
",PERCENT,1
2118,178,"10
",DATE,1
2119,177,10,DATE,1
2120,172,1.7,CARDINAL,1
2121,171,1.6 percent,PERCENT,1
2122,170,1.6                                 ,PERSON,1
2123,169,1.6,CARDINAL,1
2124,167,"1.5

",ORG,1
2125,165,1.4,MONEY,1
2126,164,1.3,PERSON,1
2127,163,1.2 trillion,CARDINAL,1
2128,159,1.0 percent,PERCENT,1
2129,158,"1.0
                                 ",MONEY,1
2130,157,1.0,PERSON,1
2131,155,"1,910",CARDINAL,1
2132,154,"1,567",CARDINAL,1
2133,153,"1,562",CARDINAL,1
2134,151,"1,239",CARDINAL,1
2135,150,"1,130",CARDINAL,1
2136,149,"1,021",CARDINAL,1
2137,147,"1, 2018",DATE,1
2138,146,1%,PERCENT,1
2139,88,-2.5,NORP,1
2140,86,-12,DATE,1
2141,189,10.1 percent,PERCENT,1
2142,42,$3.2 TRILLION,MONEY,1
2143,40,$28 trillion,MONEY,1
2144,39,$275 billion,MONEY,1
2145,38,$26 billion,MONEY,1
2146,37,$256 billion,MONEY,1
2147,36,$250 billion,MONEY,1
2148,35,$240 billion to $3.2 trillion,MONEY,1
2149,33,$23.9 trillion,MONEY,1
2150,32,$227 billion,MONEY,1
2151,31,$22.4 trillion,MONEY,1
2152,30,$20.6 trillion,MONEY,1
2153,29,$20 trillion,MONEY,1
2154,28,$2.8 billion,MONEY,1
2155,26,$2.5 trillion,MONEY,1
2156,25,$2.3 billion,MONEY,1
2157,23,$2 billion-plus,MONEY,1
2158,22,$182 billion,MONEY,1
2159,20,$160 billion,MONEY,1
2160,19,$16.6 trillion,MONEY,1
2161,18,$130 billion to $270 billion,MONEY,1
2162,17,$130 billion to $1.2 trillion,MONEY,1
2163,16,$13.0 trillion,MONEY,1
2164,14,$106 trillion,MONEY,1
2165,13,$104 billion,MONEY,1
2166,12,$10 billion,MONEY,1
2167,10,$1.4 trillion,MONEY,1
2168,8,$1.3 billion,MONEY,1
2169,7,$1.2 trillion,MONEY,1
2170,6,$1.2 billion,MONEY,1
2171,4,"$ trillion
                                                                                                       ",MONEY,1
2172,41,$3.0 trillion,MONEY,1
2173,43,$3.2 billion,MONEY,1
2174,85,-100,CARDINAL,1
2175,44,$3.2 trillion,MONEY,1
2176,84,-1.8,PERSON,1
2177,83,-1.4,DATE,1
2178,80,-0.6                       ,PRODUCT,1
2179,77,+15.1,GPE,1
2180,75,%    ,ORG,1
2181,74,"%



Glass",PERSON,1
2182,73,%,CARDINAL,1
2183,72,$860 billion to $3 trillion,MONEY,1
2184,70,$800 billion,MONEY,1
2185,69,$78 billion,MONEY,1
2186,68,$770 billion,MONEY,1
2187,67,$75 billion,MONEY,1
2188,66,$727 billion,MONEY,1
2189,65,$7.5 trillion,MONEY,1
2190,64,$7.4 billion,MONEY,1
2191,63,$566 billion to $392,MONEY,1
2192,62,$50 billion,MONEY,1
2193,60,$49 billion,MONEY,1
2194,59,$44 billion,MONEY,1
2195,58,$42 billion,MONEY,1
2196,57,$4.8 trillion,MONEY,1
2197,53,$4 trillion,MONEY,1
2198,52,$4 billion,MONEY,1
2199,50,$37.3,MONEY,1
2200,49,$37 billion,MONEY,1
2201,48,$366 billion,MONEY,1
2202,47,$350 billion to $790 billion,MONEY,1
2203,46,$330 billion to $770 billion,MONEY,1
2204,45,$3.6 trillion,MONEY,1
2205,188,10.1,CARDINAL,1
2206,192,10.7,CARDINAL,1
2207,468,2017,ORG,1
2208,398,1999 2000,DATE,1
2209,395,1995 to 2005,DATE,1
2210,394,1995 to,DATE,1
2211,390,199,CARDINAL,1
2212,388,1980,DATE,1
2213,386,1930 to 2000,DATE,1
2214,385,193,CARDINAL,1
2215,384,"192
",PRODUCT,1
2216,381,19.4,MONEY,1
2217,380,19%,PERCENT,1
2218,379,19 percent,PERCENT,1
2219,374,182,CARDINAL,1
2220,373,181,DATE,1
2221,372,"180,000",CARDINAL,1
2222,369,18.8,CARDINAL,1
2223,368,18.7 percent,PERCENT,1
2224,366,18%,PERCENT,1
2225,364,"18
                            minutes",TIME,1
2226,363,"18
                                                ",CARDINAL,1
2227,361,179,CARDINAL,1
2228,360,177,CARDINAL,1
2229,359,176,CARDINAL,1
2230,352,17%,PERCENT,1
2231,351,17 to 22 percent,PERCENT,1
2232,346,168,CARDINAL,1
2233,344,167,CARDINAL,1
2234,343,164,CARDINAL,1
2235,341,162,CARDINAL,1
2236,337,16.1,CARDINAL,1
2237,334,16   2017,DATE,1
2238,396,1995–2017,CARDINAL,1
2239,399,1–2%,PERCENT,1
2240,332,16,DATE,1
2241,400,1–5,CARDINAL,1
2242,463,20144,CARDINAL,1
2243,462,2014 to 2017,DATE,1
2244,459,2012.155,CARDINAL,1
2245,457,2011.5,CARDINAL,1
2246,454,201,CARDINAL,1
2247,451,2007–17,PRODUCT,1
2248,448,2007,CARDINAL,1
2249,446,2003,DATE,1
2250,443,2000–16,DATE,1
2251,441,2000 to,DATE,1
2252,436,20.9,CARDINAL,1
2253,435,20.65,CARDINAL,1
2254,433,20.4,MONEY,1
2255,432,20.1,DATE,1
2256,429,20 to 30 percent,PERCENT,1
2257,426,20 cents,MONEY,1
2258,424,"20
",PERCENT,1
2259,421,2.8                 ,PRODUCT,1
2260,420,2.8,DATE,1
2261,417,2.6,CARDINAL,1
2262,416,2.5,PRODUCT,1
2263,414,2.4 million,CARDINAL,1
2264,412,2.3,PERSON,1
2265,408,2.0 million to 2.4 million,MONEY,1
2266,407,"2,817",CARDINAL,1
2267,406,"2,687",CARDINAL,1
2268,405,"2,553",CARDINAL,1
2269,404,"2,012",CARDINAL,1
2270,403,2 percent and 4 percent,PERCENT,1
2271,333,"16
                                                                                                 Telecom",DATE,1
2272,330,"159, 2013",DATE,1
2273,193,10.7                 ,PRODUCT,1
2274,279,139,CARDINAL,1
2275,277,137,CARDINAL,1
2276,275,135,CARDINAL,1
2277,274,134,CARDINAL,1
2278,273,133 percent,PERCENT,1
2279,272,133,CARDINAL,1
2280,269,131 million,CARDINAL,1
2281,265,13.5,CARDINAL,1
2282,261,13.0,DATE,1
2283,259,"13,947",CARDINAL,1
2284,247,"121


",PERCENT,1
2285,246,121,CARDINAL,1
2286,245,120,PRODUCT,1
2287,242,12.5,CARDINAL,1
2288,241,12.4,CARDINAL,1
2289,240,12.2,CARDINAL,1
2290,239,12.1,CARDINAL,1
2291,238,12.0,CARDINAL,1
2292,237,12%,PERCENT,1
2293,234,"12
",DATE,1
2294,230,118 million,CARDINAL,1
2295,227,116,CARDINAL,1
2296,223,1121,CARDINAL,1
2297,219,11.8,CARDINAL,1
2298,215,11 years,DATE,1
2299,210,108,ORG,1
2300,205,104,ORG,1
2301,201,1018,CARDINAL,1
2302,200,"101


© VM",MONEY,1
2303,198,"100,000",CARDINAL,1
2304,278,138,CARDINAL,1
2305,284,14 days,DATE,1
2306,329,159,CARDINAL,1
2307,286,14%,PERCENT,1
2308,328,158,CARDINAL,1
2309,326,157,CARDINAL,1
2310,325,156,CARDINAL,1
2311,323,154,CARDINAL,1
2312,322,"153,000",CARDINAL,1
2313,320,152,CARDINAL,1
2314,319,151,CARDINAL,1
2315,318,15/6,CARDINAL,1
2316,317,15.9,CARDINAL,1
2317,316,15.7,MONEY,1
2318,315,15.6,CARDINAL,1
2319,314,15.5,CARDINAL,1
2320,312,15.1 percent,PERCENT,1
2321,311,15.1,MONEY,1
2322,309,15 to 25 percent,PERCENT,1
2323,308,15 percent,PERCENT,1
2324,305,149,CARDINAL,1
2325,304,148x,CARDINAL,1
2326,301,146,CARDINAL,1
2327,299,144,CARDINAL,1
2328,298,143,CARDINAL,1
2329,297,142,CARDINAL,1
2330,296,1411,ORG,1
2331,294,141,CARDINAL,1
2332,293,"140

                                                                                                                            %",PERCENT,1
2333,291,14.9,MONEY,1
2334,290,14.9,CARDINAL,1
2335,289,14.7,CARDINAL,1
2336,288,14.6,CARDINAL,1
2337,1023,Andrea Del Miglio,PERSON,1
2338,1024,Andreas Lendle et al.,PERSON,1
2339,1025,Andreas Seyfer,PERSON,1
2340,1571,International Data Corporation,ORG,1
2341,1568,"Institute of Developing Economies, Organisation for
     Economic Co",ORG,1
2342,1567,"Institute for Prospective Technological
      ",ORG,1
2343,1566,Input-Output Tables,PRODUCT,1
2344,1565,Innovation      Belgium                                                          Chemicals                        ,ORG,1
2345,1564,Innovation   ,ORG,1
2346,1563,Innovation,ORG,1
2347,1562,Ingmar Ritzenhofen,PERSON,1
2348,1560,Indonesia                                                   Food,ORG,1
2349,1556,Ian Malcolm Taplin,PERSON,1
2350,1554,ITU,ORG,1
2351,1553,IPSoft,ORG,1
2352,1551,IOT,ORG,1
2353,1546,Hyundai,ORG,1
2354,1545,Hyperscale,NORP,1
2355,1544,Hungary                                                               ,ORG,1
2356,1543,Hungary,NORP,1
2357,1541,"Hong Kong
",GPE,1
2358,1539,Homi Kharas,PERSON,1
2359,1538,Homi,PERSON,1
2360,1537,Hiren Chheda,ORG,1
2361,1536,Hildegunn Kyvik,PERSON,1
2362,1535,Hewlett Packard,ORG,1
2363,1534,Hermès,PERSON,1
2364,1533,Hermès,ORG,1
2365,1532,Henan,GPE,1
2366,1531,Hefei,GPE,1
2367,1530,Heathrow,ORG,1
2368,1528,Hausman,PERSON,1
2369,1527,Hauke Engel,PERSON,1
2370,1570,Intel,ORG,1
2371,1572,International Economics,ORG,1
2372,1521,"Harvard
De Backer",ORG,1
2373,1573,International Labor Comparisons,ORG,1
2374,1620,Javier Lopez-Gonzalez,PERSON,1
2375,1618,Jaron Stoffels,PERSON,1
2376,1616,Japan2,GPE,1
2377,1614,"January 26, 2017",DATE,1
2378,1609,January 2015,DATE,1
2379,1607,January 2013,DATE,1
2380,1605,January 2005,DATE,1
2381,1604,"January
",DATE,1
2382,1603,January,DATE,1
2383,1601,Jane,PERSON,1
2384,1600,Jan Mischke,PERSON,1
2385,1599,Jan De Loecker,PERSON,1
2386,1598,Jan,DATE,1
2387,1597,James Rubenstein,PERSON,1
2388,1595,James Fetzner,PERSON,1
2389,1594,Jamaica,GPE,1
2390,1591,Jaana Remes,PERSON,1
2391,1589,J. Bradford Jensen,PERSON,1
2392,1588,J. Bradford,PERSON,1
2393,1587,"J
",PRODUCT,1
2394,1586,Italy                                                  Machinery,ORG,1
2395,1583,Israel,GPE,1
2396,1582,Irina Starikova,PERSON,1
2397,1581,Ireland                                                            Pharma,ORG,1
2398,1580,Ireland                                                            ,ORG,1
2399,1578,Iraq,GPE,1
2400,1577,Iran,GPE,1
2401,1576,IoT,WORK_OF_ART,1
2402,1574,"International Monetary
Institute of Developing Economies, Organisation for                     Fund",ORG,1
2403,1525,"Haskel
  ",GPE,1
2404,1520,"Harvard
                                       University Press",ORG,1
2405,1622,Jens,PERSON,1
2406,1471,Georgetown,PRODUCT,1
2407,1469,George,PERSON,1
2408,1468,Georg Doll,PERSON,1
2409,1467,Geoffrey G. Parker,PERSON,1
2410,1466,Geoffrey,PERSON,1
2411,1464,Geely,ORG,1
2412,1462,Gatwick,GPE,1
2413,1461,Gary Pinkus,PERSON,1
2414,1460,Gary Gereffi,PERSON,1
2415,1459,Gary,PERSON,1
2416,1458,Ganne,PERSON,1
2417,1454,Gabon,GPE,1
2418,1453,GX/GO,ORG,1
2419,1450,GSK,ORG,1
2420,1448,GD/GO,ORG,1
2421,1447,"G, AI",ORG,1
2422,1446,Futurecraft,ORG,1
2423,1445,Future of Work,ORG,1
2424,1442,Friends of Europe,ORG,1
2425,1441,Freund et al.,PERSON,1
2426,1438,France                                                   Financial,ORG,1
2427,1435,Four,CARDINAL,1
2428,1434,Forrester,PERSON,1
2429,1433,Forest Hou,PERSON,1
2430,1,"$ thousand
                                                            $ trillion",MONEY,1
2431,1431,"Foreign
    Affairs",ORG,1
2432,1430,Ford,ORG,1
2433,1427,Florian Neuhaus,PERSON,1
2434,1426,Florian Arun,PERSON,1
2435,1425,Flipkart,ORG,1
2436,1470,Georgetown,GPE,1
2437,1472,Georgia Coffee,ORG,1
2438,1519,Harvard,ORG,1
2439,1473,Georgios Alaveras,PERSON,1
2440,1518,Hanson,PERSON,1
2441,1517,Hanemann,PERSON,1
2442,1516,Handbook of Labor Economics,ORG,1
2443,1514,Hal,PERSON,1
2444,1513,Hackius,PERSON,1
2445,1509,HICL,ORG,1
2446,1508,Guru,PERSON,1
2447,1507,Guatemala,GPE,1
2448,1506,Groningen Growth and Development Centre,ORG,1
2449,1505,"Groningen Growth and
     Development Centre",ORG,1
2450,1504,Groningen,GPE,1
2451,1503,Grey,PERSON,1
2452,1501,Greg Kelly,PERSON,1
2453,1499,Grant Riewe,PERSON,1
2454,1498,Graeme Nixon,PERSON,1
2455,1496,Gordon,PERSON,1
2456,1494,Google,PRODUCT,1
2457,1492,Goldstein,PERSON,1
2458,1491,Goldfarb,PERSON,1
2459,1490,Globalization and Monetary Policy Institute,ORG,1
2460,1488,"Global Trade Analysis
",ORG,1
2461,1487,Global Music Report,WORK_OF_ART,1
2462,1486,Global Institute,ORG,1
2463,1483,Global                   Office,ORG,1
2464,1481,Gigafactory,ORG,1
2465,1480,Giambattista Taglioni,PERSON,1
2466,1479,Ghana,GPE,1
2467,1477,Gervais,PERSON,1
2468,1474,Gereffi,GPE,1
2469,1621,Jeffrey Condon,PERSON,1
2470,1624,Jensen,PERSON,1
2471,1026,"Andreas, et al.",GPE,1
2472,1763,MGI Global Automation Impact Model,ORG,1
2473,1759,MENA,ORG,1
2474,1758,MCKINSEY,ORG,1
2475,1757,MA,PERSON,1
2476,1754,M. Pearce,PERSON,1
2477,1753,"Luxury
                                 Report",ORG,1
2478,1752,"Luxury
                                      Report",ORG,1
2479,1750,Lund,PERSON,1
2480,1748,Ludvig S. Wier,PERSON,1
2481,1747,Lucy Pérez,PERSON,1
2482,1746,Low           High         ,PRODUCT,1
2483,1745,Low                       Resource,PRODUCT,1
2484,1744,Loungani,PERSON,1
2485,1743,Louis Rassey,PERSON,1
2486,1741,Los Angeles Times,ORG,1
2487,1740,Long Beach,GPE,1
2488,1738,"Logistics technologies


                             ",ORG,1
2489,1737,Lithuania,GPE,1
2490,1736,Lisa Renaud,PERSON,1
2491,1735,"Liran, et al.",ORG,1
2492,1733,Levi,ORG,1
2493,1732,Lee,PERSON,1
2494,1731,Lebanon,GPE,1
2495,1730,Le Tote,FAC,1
2496,1729,Lazada,ORG,1
2497,1728,Lay’s Potato Chips,ORG,1
2498,1727,Lauren Meling,PERSON,1
2499,1725,Laura Stevens,PERSON,1
2500,1724,Latvia,GPE,1
2501,1722,Laplume,PERSON,1
2502,1762,MGI Connectedness,PRODUCT,1
2503,1765,"MIT
                           Technology Review",ORG,1
2504,1717,Kristy Howell,PERSON,1
2505,1766,MORE THAN HALF,CARDINAL,1
2506,1808,Matthew J. Slaughter,PERSON,1
2507,1806,Matt Higginson,PERSON,1
2508,1805,Mary Hallward-Driemeier,PERSON,1
2509,1804,Mary,PERSON,1
2510,1803,Martin Hirt,PERSON,1
2511,1801,MarketWatch,ORG,1
2512,1800,Mark J. Perry,PERSON,1
2513,1799,Mark Collins,PERSON,1
2514,1798,Marisa Carder,PERSON,1
2515,1796,Maria L. Loureiro,PERSON,1
2516,1795,Margo Shimasaki,PERSON,1
2517,1793,"March 29, 2018",DATE,1
2518,1789,"March 10–11, 2017",DATE,1
2519,1788,"March 1, 2018",DATE,1
2520,1787,March,DATE,1
2521,1785,Marcel P. Timmer et al.,PERSON,1
2522,1784,Marcel P. Timmer,PERSON,1
2523,1782,"Mapping
                                                                Business Review Press",ORG,1
2524,1780,Malta,GPE,1
2525,1779,Maloney,PERSON,1
2526,1778,Maliszewski,PERSON,1
2527,1776,Malawi,GPE,1
2528,1775,Makoto Nirei,PERSON,1
2529,1774,"Maistro
                            ",PERSON,1
2530,1773,Maersk,ORG,1
2531,1772,Madhav Goparaju,PERSON,1
2532,1770,"Machine, Platform",ORG,1
2533,1769,Macau,GPE,1
2534,1768,Macao,GPE,1
2535,1719,Kweilin Ellingrud,PERSON,1
2536,1716,Kraemer,PERSON,1
2537,1626,Jesse Noffsinger,PERSON,1
2538,1667,"July 12, 2017",DATE,1
2539,1665,July,DATE,1
2540,1663,Julie Philpot,PERSON,1
2541,1660,"Journal of Marketing and Consumer
                                  Research",ORG,1
2542,1659,"Journal of Marketing and Consumer
                                                                 Research",ORG,1
2543,1658,Journal of Labor Economics,ORG,1
2544,1657,"Journal of Labor
                        Economics",ORG,1
2545,1656,Journal of Labor,ORG,1
2546,1654,"Journal of International Business
Economic Review",ORG,1
2547,1653,Journal of Economic Perspectives,ORG,1
2548,1652,"Journal of
                                                                International Economics",ORG,1
2549,1651,Josie Zhou,PERSON,1
2550,1650,"Joshua
",LAW,1
2551,1649,Jose Maria Quiros,PERSON,1
2552,1647,Jonathan Tilley,PERSON,1
2553,1645,Jonathan Harris,PERSON,1
2554,1644,Jonathan Chapman et al.,PERSON,1
2555,1643,Jonathan,PERSON,1
2556,1642,Johnson,PERSON,1
2557,1641,John Van Reenen,PERSON,1
2558,1640,John Van Reenan,PERSON,1
2559,1639,John Paul MacDuffie,PERSON,1
2560,1638,John Nanry,PERSON,1
2561,1636,Johannes Deichmann,PERSON,1
2562,1635,Johanna Andersson,PERSON,1
2563,1634,Johanna,PERSON,1
2564,1631,Joao Paulo,PERSON,1
2565,1630,Joana Carreiro,PERSON,1
2566,1628,Jiangxi,GPE,1
2567,1627,Jiangsu,GPE,1
2568,1666,July 10,DATE,1
2569,1668,July 2012,DATE,1
2570,1715,Korinek,PERSON,1
2571,1671,June,DATE,1
2572,1714,Korean,NORP,1
2573,1713,Korea,GPE,1
2574,1712,Koen De Backer et al.,PERSON,1
2575,1710,Koen,PERSON,1
2576,1709,Koen,GPE,1
2577,1707,Klier,ORG,1
2578,1706,Kit Kat,ORG,1
2579,1705,Kirsten Weerda,PERSON,1
2580,1704,"Kingdom
   0
   ",ORG,1
2581,1702,Kindle,ORG,1
2582,1701,Kimberly Rubenstein,PERSON,1
2583,1700,Kharas,PERSON,1
2584,1699,Khalid Nadiri,PERSON,1
2585,1698,Kersten Heineke,PERSON,1
2586,1697,Kenya                                                       Transport,ORG,1
2587,1695,Kentucky,GPE,1
2588,1694,Kensaku Ihara,PERSON,1
2589,1692,Kenneth L.,PERSON,1
2590,1690,Kazufumi Yamana,PERSON,1
2591,1689,Kazakhstan,GPE,1
2592,1687,Katy,PERSON,1
2593,1686,Katherine Wolosz,PERSON,1
2594,1685,Karla Arias,PERSON,1
2595,1683,Karina Fernandez-Stark,PERSON,1
2596,1682,"Karina Fernandez-
     ",PERSON,1
2597,1679,Justus Lotade,PERSON,1
2598,1678,Just eight,CARDINAL,1
2599,1677,June–,DATE,1
2600,1672,June 2012,DATE,1
2601,1422,Fiona Lander,PERSON,1
2602,1420,Financial Times,ORG,1
2603,1419,"Financial                                  and ceramics
     ",ORG,1
2604,1184,Central,LOC,1
2605,1180,Cathy Gui,PERSON,1
2606,1177,Caroline Freund et al.,PERSON,1
2607,1175,"Carol, et al.",ORG,1
2608,1174,Carol Corrado et al.,PERSON,1
2609,1171,Carol A.,PERSON,1
2610,1170,Carol,GPE,1
2611,1169,Carlsberg Group,ORG,1
2612,1168,Carlsberg,ORG,1
2613,1167,Carlos Molina,PERSON,1
2614,1166,Carlos A. Molina,PERSON,1
2615,1165,"Caribbean
                                                                                                                     ",ORG,1
2616,1162,Capital IQ,ORG,1
2617,1161,Caofeidian,PERSON,1
2618,1159,Cameroon,GPE,1
2619,1157,Cambodia,GPE,1
2620,1156,Calin Buia,PERSON,1
2621,1154,CPAT,ORG,1
2622,1151,CFM International,ORG,1
2623,1150,Byrne,PERSON,1
2624,1149,Business R&D and Innovation Survey,ORG,1
2625,1148,Business Insider,ORG,1
2626,1147,Burkacky,PRODUCT,1
2627,1146,Bulgaria                                                       Telecom,ORG,1
2628,1145,Bulgaria,GPE,1
2629,1144,Building,FAC,1
2630,1142,Brynjolfsson et al.,PERSON,1
2631,1140,Brynjolfsson,ORG,1
2632,1137,Broadband Commission,ORG,1
2633,1135,Brian Ledbetter,PERSON,1
2634,1181,Cecilia,PERSON,1
2635,1186,Chad,GPE,1
2636,1130,Brand X Pictures/Getty,ORG,1
2637,1187,Chad P. Brown,PERSON,1
2638,1227,Compound,ORG,1
2639,1226,Columbia University,ORG,1
2640,1225,Columbia Sportswear,ORG,1
2641,1224,Columbia,ORG,1
2642,1222,Colin Britton,PERSON,1
2643,1221,Coke,ORG,1
2644,1220,"Coca-Cola
                     ",ORG,1
2645,1219,Coca-Cola,PRODUCT,1
2646,1217,"Cloud adoption to accelerate IT
                           modernization",WORK_OF_ART,1
2647,1215,Ciara Linnane,PERSON,1
2648,1214,Christopher                          Lendle,PERSON,1
2649,1213,Christian Knochenhauer,PERSON,1
2650,1212,Christiaan Heyning,PERSON,1
2651,1211,Chris Papageorgiou,PERSON,1
2652,1209,Choi,PERSON,1
2653,1207,China2,ORG,1
2654,1206,China1,ORG,1
2655,1205,China.1 BMW,ORG,1
2656,1204,China Daily,ORG,1
2657,1203,China                                                       Textiles,ORG,1
2658,1202,China,NORP,1
2659,1199,Chicago,GPE,1
2660,1198,Chemicals,ORG,1
2661,1196,Charles Carcenac,PERSON,1
2662,1194,Chapter 6,LAW,1
2663,1193,Chapter 5,LAW,1
2664,1191,Chapter 3,LAW,1
2665,1190,Chapter 2,LAW,1
2666,1188,Chad Syverson,PERSON,1
2667,1131,Branko,PERSON,1
2668,1129,Bram Smeets,PERSON,1
2669,1417,"Felix
                          Eggers",ORG,1
2670,1083,Avi Goldfarb,PERSON,1
2671,1077,Autonomous,ORG,1
2672,1075,Automotive      Vehicle,ORG,1
2673,1074,Automation Model,ORG,1
2674,1073,"Auto




                                                                                                                                                                                                                          Food",ORG,1
2675,1072,"Auto
",WORK_OF_ART,1
2676,1068,Australasia,GPE,1
2677,1065,August 2015,DATE,1
2678,1064,August 2013,DATE,1
2679,1063,August 2011,DATE,1
2680,1060,Asian Development Bank,ORG,1
2681,1058,Asia Super Grid,EVENT,1
2682,1056,Arul Elumalai,PERSON,1
2683,1054,Arnab Das,PERSON,1
2684,1052,Ariel Skelley,PERSON,1
2685,1050,Arctic,LOC,1
2686,1044,April,DATE,1
2687,1042,Appendix,PERSON,1
2688,1041,Anuj Kadyan,PERSON,1
2689,1040,Anu Madgavkar,PERSON,1
2690,1039,Antoine,PERSON,1
2691,1037,Anne Grosse-Ophoff,PERSON,1
2692,1036,Anna Littmann,PERSON,1
2693,1035,Anja,GPE,1
2694,1033,Andrés Cadena,ORG,1
2695,1032,André O.,PERSON,1
2696,1031,André Dua,PERSON,1
2697,1029,Andrew Moody,PERSON,1
2698,1028,Andrew McAfee,PERSON,1
2699,1027,Andrew,PERSON,1
2700,1079,Avdjiev,PERSON,1
2701,1084,"Avinash
                                                                  Gannamaneni",ORG,1
2702,1128,Box E2,WORK_OF_ART,1
2703,1086,Aya Onishi,PERSON,1
2704,1127,Box E1,PRODUCT,1
2705,1126,Box 5,PRODUCT,1
2706,1125,Box 3,PRODUCT,1
2707,1124,Box 2,PRODUCT,1
2708,1123,Botswana,GPE,1
2709,1121,Bolivia,DATE,1
2710,1120,Bob Rijkers,PERSON,1
2711,1119,Bloomberg,PERSON,1
2712,1118,Bloomberg,ORG,1
2713,1117,Bloom,PERSON,1
2714,1116,Blockchain,WORK_OF_ART,1
2715,1115,Blockchain,PERSON,1
2716,1113,Black Friday,EVENT,1
2717,1112,Bhavya Bhandari,PERSON,1
2718,1111,Bhavya,GPE,1
2719,1110,Bhandari,PERSON,1
2720,1109,BevTech,ORG,1
2721,1108,Between 2011 and 2017,DATE,1
2722,1106,"Between 2007 and
                                    2017",DATE,1
2723,1104,Better Trade Statistics,ORG,1
2724,1103,"Better Trade
                          Statistics",ORG,1
2725,1102,Bertin,PERSON,1
2726,1101,Berruti,PERSON,1
2727,1100,Bent Petersen,PERSON,1
2728,1099,Benjamin L. Hunt,PERSON,1
2729,1096,Bank for International Settlements,ORG,1
2730,1094,Bangkok Post,ORG,1
2731,1093,Bangalore,GPE,1
2732,1089,Badri Gopalakrishnan,PERSON,1
2733,1228,Computers,ORG,1
2734,1231,Constantinescu,PERSON,1
2735,1232,Copyright ©,ORG,1
2736,1372,Europe.88,CARDINAL,1
2737,1369,Ethiopia,GPE,1
2738,1368,"Estée Lauder
                     ",ORG,1
2739,1367,Estonia,GPE,1
2740,1366,"Estey
     Centre Journal of International Law and Trade Policy",ORG,1
2741,1365,Esquel,GPE,1
2742,1364,Erik Brynjolfsson et al.,PERSON,1
2743,1361,Eric Hazan,PERSON,1
2744,1359,Erhan Artuc,PERSON,1
2745,1358,Environmental and Resource Economics,ORG,1
2746,1357,Enrico Furnari,PERSON,1
2747,1354,Energy,ORG,1
2748,1353,Emmanuelle Ganne,PERSON,1
2749,1352,Emmanuelle,PERSON,1
2750,1351,Emily J.,PERSON,1
2751,1350,Embark,ORG,1
2752,1349,Email,ORG,1
2753,1348,Elsevier,ORG,1
2754,1347,"Electrical                             Transport equipment
                                                                       ",ORG,1
2755,1345,Edmunds Lease Market,ORG,1
2756,1343,Economics Research,ORG,1
2757,1342,Economic Statistics Centre of Excellence,ORG,1
2758,1341,Economic Review,ORG,1
2759,1340,Economic Research,ORG,1
2760,1337,Eckart Windhagen,WORK_OF_ART,1
2761,1334,"Eastern
                    Europe",LOC,1
2762,1333,"Eastern
                    ",LOC,1
2763,1331,"EVs
                     ",ORG,1
2764,1327,"ES / mc 0113

",ORG,1
2765,1326,ES / mc 0113,ORG,1
2766,1370,Eugéne Smit,PERSON,1
2767,1374,"European
        Investment Bank",ORG,1
2768,1233,Copyright © McKinsey & Company,ORG,1
2769,1376,European Commission,ORG,1
2770,1416,Federico,PERSON,1
2771,1415,Federal Reserve Bank of Chicago,ORG,1
2772,1414,"Federal Reserve Bank of
                                 ",ORG,1
2773,1413,"Federal Reserve
                                                                Bank of Minneapolis",ORG,1
2774,1412,"February 28, 2017",DATE,1
2775,1406,"February
                                  24, 2018",DATE,1
2776,1404,Fatih Guvenen et al.,PERSON,1
2777,1403,Fatih,PERSON,1
2778,1402,Fatih,GPE,1
2779,1399,FORC,ORG,1
2780,1397,Ezra Greenberg,PERSON,1
2781,1396,"Exhibit E3).10


",ORG,1
2782,1395,Exhibit A2,PRODUCT,1
2783,1394,Exhibit 6).38,PRODUCT,1
2784,1393,Exhibit 39,DATE,1
2785,1392,Exhibit 37,DATE,1
2786,1391,Exhibit 34,LAW,1
2787,1390,Exhibit 32,DATE,1
2788,1389,Exhibit 31,DATE,1
2789,1388,Exhibit 30,DATE,1
2790,1387,Exhibit 29,DATE,1
2791,1386,Exhibit 28,LAW,1
2792,1385,Exhibit 25,LAW,1
2793,1384,Exhibit 18,DATE,1
2794,1382,Exhibit 14,LAW,1
2795,1381,Exhibit 11,LAW,1
2796,1380,Executive Office,ORG,1
2797,1379,Every day,DATE,1
2798,1377,Everett,PERSON,1
2799,1325,ES,ORG,1
2800,1324,EC21,PRODUCT,1
2801,1323,EC21,CARDINAL,1
2802,1320,E8,ORG,1
2803,1278,De Loecker,PERSON,1
2804,1277,De Backer,PERSON,1
2805,1275,David Sayah,PERSON,1
2806,1274,David Mendelsohn,PERSON,1
2807,1273,David H. Autor et al.,PERSON,1
2808,1272,David H. Autor,PERSON,1
2809,1270,David E. Zoia,PERSON,1
2810,1268,David Cogman,PERSON,1
2811,1267,David Card,PERSON,1
2812,1265,David,PERSON,1
2813,1264,Dauth,PERSON,1
2814,1263,Data Privacy Asia Pacific,ORG,1
2815,1261,Dartmouth,ORG,1
2816,1257,Daria Taglioni,PERSON,1
2817,1255,Daniel Rexhausen,PERSON,1
2818,1251,Dan Prat,PERSON,1
2819,1249,Damoun,PERSON,1
2820,1248,Daimler,ORG,1
2821,1247,DHL,ORG,1
2822,1245,Czech,NORP,1
2823,1244,Cyber Monday,EVENT,1
2824,1243,"Cultura/Getty Images


",ORG,1
2825,1242,Cuba,GPE,1
2826,1240,Cristina,PERSON,1
2827,1238,Costa Coffee,ORG,1
2828,1237,Corrado et al.,PERSON,1
2829,1236,Corrado,PRODUCT,1
2830,1235,Corrado,ORG,1
2831,1234,"Corporate Performance
",ORG,1
2832,1279,Deadra Henderson,PERSON,1
2833,1280,Dean Baker,PERSON,1
2834,1281,December,DATE,1
2835,1305,Dizioli,PERSON,1
2836,1319,E7,CARDINAL,1
2837,1318,E6,ORG,1
2838,1317,E5,ORG,1
2839,1316,E4,CARDINAL,1
2840,1315,E3,CARDINAL,1
2841,1314,E2,CARDINAL,1
2842,1313,E1,CARDINAL,1
2843,1312,Duval,PERSON,1
2844,1311,"Duke Center on Globalization, Governance & Competitiveness",ORG,1
2845,1310,"Duke Center on
                                                                Globalization, Governance & Competitiveness",ORG,1
2846,1308,Don Weinland,PERSON,1
2847,1307,Doghead Simulations,ORG,1
2848,1306,Djankov,PERSON,1
2849,1304,Dischinger,PERSON,1
2850,1282,"December
                          2017",DATE,1
2851,1303,Dileep Birur,PERSON,1
2852,1301,Digital China,LOC,1
2853,1299,Diana Korka,PERSON,1
2854,1298,Diana Goldshtein,PERSON,1
2855,1297,"Development, World Bank Group",ORG,1
2856,1296,Development Inter-Country Input-Output Tables,ORG,1
2857,1294,Dev Patel,PERSON,1
2858,1293,Detlev Mohr,PERSON,1
2859,1292,Dennis Schwedhelm,PERSON,1
2860,1290,Deloitte,ORG,1
2861,1289,"December 9, 2017",DATE,1
2862,1285,December 2015,DATE,1
2863,1283,December 2010,DATE,1
2864,2864,﻿,CARDINAL,1
